time,x_reference,x_command,x_measure,z_reference,z_command,z_measure
5.749304533004761,0.0,0,0,0.0,0,0
5.855581045150757,0.0,0,0,0.0,0,0
5.8866400718688965,0.0,0,0,0.0,0,0
5.916274309158325,0.0,0,0.004363323129985824,0.0,0,-0.001090830782496456
5.946205139160156,0.0,0,0.1581704634619861,0.0,0,-0.08617563181722002
5.976866245269775,0.0,0,0.23125612588924865,0.0,0,-0.16253378659197193
6.007900238037109,0.0,0,0.25634523388666713,0.0,0,-0.1734420944169365
6.038308143615723,0.0,0,0.2814343418840856,0.0,0,-0.17671458676442586
6.067963361740112,0.0,0,0.3119776037939864,0.0,0,-0.17453292519943295
6.09752082824707,0.0,0,0.30543261909900765,0.0,0,-0.1581704634619861
6.127582788467407,0.0,0,0.30761428066400054,0.0,0,-0.14726215563702155
6.158097743988037,0.0,0,0.3141592653589793,0.0,0,-0.15489797111449674
6.18909764289856,0.0,0,0.32834006553143325,0.0,0,-0.16689710972195776
6.221179008483887,0.0,0,0.3425208657038871,0.0,0,-0.1778054175469223
6.253074884414673,0.0,0,0.3490658503988659,0.0,0,-0.18871372537188688
6.284823179244995,0.0,0,0.35015668118136234,0.0,0,-0.18653206380689397
6.315364360809326,0.0,0,0.3523383427463553,0.0,0,-0.1756237559819294
6.346818685531616,0.0,0,0.3392483733563978,0.0,0,-0.15162547876700738
6.378071069717407,0.0,0,0.33597588100890846,0.0,0,-0.13526301702956053
6.409581422805786,0.0,0,0.3425208657038871,0.0,0,-0.1287180323345818
6.441625356674194,0.0,0,0.3414300349213907,0.0,0,-0.10799224746714915
6.477935075759888,0.0,0,0.3239767424014474,0.0,0,-0.08617563181722002
6.516046762466431,0.0,0,0.31852258848896514,0.0,0,-0.0719948316447661
6.554419040679932,0.0,0,0.2977968036215325,0.0,0,-0.06763150851478027
6.592577695846558,0.0,0,0.27598018797160334,0.0,0,-0.05781403147231216
6.630660533905029,0.0,0,0.2694352032766246,0.0,0,-0.04799655442984406
6.669276475906372,0.0,0,0.24652775684419903,0.0,0,-0.038179077387375956
6.710757255554199,0.0,0,0.21925698728178766,0.0,0,-0.039269908169872414
6.7483086585998535,0.0,0,0.20616701789183017,0.0,0,-0.030543261909900768
6.78681755065918,0.0,0,0.20943951023931953,0.0,0,-0.028361600344907856
6.825142860412598,0.0,0,0.20507618710933373,0.0,0,-0.02945243112740431
6.8631432056427,0.0,0,0.19853120241435498,0.0,0,-0.028361600344907856
6.902122497558594,0.0,0,0.19634954084936207,0.0,0,-0.02945243112740431
6.940812587738037,0.0,0,0.1930770485018727,0.0,0,-0.02945243112740431
6.973097801208496,0.0,0,0.19525871006686563,0.0,0,-0.02945243112740431
7.004767417907715,0.0,0,0.19416787928436918,0.0,0,-0.028361600344907856
7.036995887756348,0.0,0,0.19525871006686563,0.0,0,-0.028361600344907856
7.068279504776001,0.0,0,0.19198621771937624,0.0,0,-0.028361600344907856
7.101590633392334,0.0,0,0.19198621771937624,0.0,0,-0.028361600344907856
7.134162664413452,0.0,0,0.19416787928436918,0.0,0,-0.028361600344907856
7.168060302734375,0.0,0,0.19089538693687977,0.0,0,-0.028361600344907856
7.201912879943848,0.0,0,0.19089538693687977,0.0,0,-0.028361600344907856
7.23339319229126,0.0,0,0.1930770485018727,0.0,0,-0.028361600344907856
7.264685869216919,0.0,0,0.18980455615438332,0.0,0,-0.028361600344907856
7.296460390090942,0.0,0,0.18980455615438332,0.0,0,-0.028361600344907856
7.327988624572754,0.0,0,0.19198621771937624,0.0,0,-0.028361600344907856
7.359535455703735,0.0,0,0.18980455615438332,0.0,0,-0.0272707695624114
7.390789031982422,0.0,0,0.19089538693687977,0.0,0,-0.028361600344907856
7.422801733016968,0.0,0,0.19089538693687977,0.0,0,-0.0272707695624114
7.454236030578613,0.0,0,0.18980455615438332,0.0,0,-0.0272707695624114
7.483970880508423,0.0,0,0.19089538693687977,0.0,0,-0.028361600344907856
7.514739274978638,0.0,0,0.19089538693687977,0.0,0,-0.0272707695624114
7.545879602432251,0.0,0,0.18871372537188688,0.0,0,-0.0272707695624114
7.577411651611328,0.0,0,0.18980455615438332,0.0,0,-0.028361600344907856
7.608793258666992,0.0,0,0.18871372537188688,0.0,0,-0.0272707695624114
7.640093803405762,0.0,0,0.18871372537188688,0.0,0,-0.028361600344907856
7.671457052230835,0.0,0,0.19089538693687977,0.0,0,-0.0272707695624114
7.703083276748657,0.0,0,0.18871372537188688,0.0,0,-0.0272707695624114
7.735827207565308,0.0,0,0.18980455615438332,0.0,0,-0.028361600344907856
7.767167568206787,0.0,0,0.18871372537188688,0.0,0,-0.0272707695624114
7.798481464385986,0.0,0,0.1876228945893904,0.0,0,-0.0272707695624114
7.829691410064697,0.0,0,0.18871372537188688,0.0,0,-0.0272707695624114
7.861599445343018,0.0,0,0.18871372537188688,0.0,0,-0.0272707695624114
7.892720937728882,0.0,0,0.1876228945893904,0.0,0,-0.0272707695624114
7.924644947052002,0.0,0,0.18871372537188688,0.0,0,-0.0272707695624114
7.956259489059448,0.0,0,0.18653206380689397,0.0,0,-0.02617993877991494
7.988588094711304,0.0,0,0.1876228945893904,0.0,0,-0.0272707695624114
8.020658731460571,0.0,0,0.18871372537188688,0.0,0,-0.0272707695624114
8.052408695220947,0.0,0,0.18653206380689397,0.0,0,-0.02617993877991494
8.083694458007812,0.0,0,0.18653206380689397,0.0,0,-0.0272707695624114
8.114864349365234,0.0,0,0.18871372537188688,0.0,0,-0.0272707695624114
8.145250082015991,0.0,0,0.18653206380689397,0.0,0,-0.02617993877991494
8.17634391784668,0.0,0,0.18435040224190105,0.0,0,-0.0272707695624114
8.206868886947632,0.0,0,0.18544123302439752,0.0,0,-0.0272707695624114
8.237488508224487,0.0,0,0.1832595714594046,0.0,0,-0.0272707695624114
8.268647193908691,0.0,0,0.1832595714594046,0.0,0,-0.030543261909900768
8.299608945846558,0.0,0,0.1876228945893904,0.0,0,-0.04799655442984406
8.330983400344849,0.0,0,0.18435040224190105,0.0,0,-0.028361600344907856
8.362024545669556,0.0,0,0.19416787928436918,0.0,0,-0.031634092692397225
8.393616437911987,0.0,0,0.19634954084936207,0.0,0,-0.02945243112740431
8.424838066101074,0.0,0,0.1930770485018727,0.0,0,-0.03490658503988659
8.45559024810791,0.0,0,0.18871372537188688,0.0,0,-0.032724923474893676
8.486918210983276,0.0,0,0.1930770485018727,0.0,0,-0.031634092692397225
8.517793416976929,0.0,0,0.1930770485018727,0.0,0,-0.030543261909900768
8.549038171768188,0.0,0,0.19525871006686563,0.0,0,-0.030543261909900768
8.580437898635864,0.0,0,0.19416787928436918,0.0,0,-0.030543261909900768
8.611294507980347,0.0,0,0.19416787928436918,0.0,0,-0.02945243112740431
8.642281532287598,0.0,0,0.19416787928436918,0.0,0,-0.02945243112740431
8.673555850982666,0.0,0,0.18216874067690816,0.0,0,-0.04908738521234052
8.704852104187012,0.0,0,0.11999138607461016,0.0,0,-0.10690141668465268
8.736966609954834,0.0,0,0.08617563181722002,0.0,0,-0.15380714033200027
8.767966032028198,0.0,0,0.061086523819801536,0.0,0,-0.17998707911191522
8.79923391342163,0.0,0,0.04254240051736178,0.0,0,-0.1930770485018727
8.830278158187866,0.0,0,0.03381575425739013,0.0,0,-0.19853120241435498
8.86121916770935,0.0,0,0.030543261909900768,0.0,0,-0.20725784867432664
8.892794847488403,0.0,0,0.0272707695624114,0.0,0,-0.210530341021816
8.923877239227295,0.0,0,0.01308996938995747,0.0,0,-0.21925698728178766
8.955362319946289,0.0,0,-0.001090830782496456,0.0,0,-0.2279836335417593
8.986422538757324,0.0,0,-0.006544984694978735,0.0,0,-0.22907446432425577
9.016936302185059,0.0,0,-0.01090830782496456,0.0,0,-0.23125612588924865
9.047558784484863,0.0,0,-0.017453292519943295,0.0,0,-0.23234695667174513
9.079751014709473,0.0,0,-0.02072578486743266,0.0,0,-0.234528618236738
9.110266923904419,0.0,0,-0.02181661564992912,0.0,0,-0.23561944901923448
9.141082286834717,0.0,0,-0.02181661564992912,0.0,0,-0.23671027980173093
9.172143936157227,0.0,0,-0.02617993877991494,0.0,0,-0.23889194136672387
9.203870058059692,0.0,0,-0.028361600344907856,0.0,0,-0.24107360293171679
9.235075950622559,0.0,0,-0.031634092692397225,0.0,0,-0.24652775684419903
9.266505241394043,0.0,0,-0.03599741582238305,0.0,0,-0.2498002491916884
9.297566175460815,0.0,0,-0.038179077387375956,0.0,0,-0.2498002491916884
9.329366683959961,0.0,0,-0.03490658503988659,0.0,0,-0.24870941840919195
9.36520004272461,0.0,0,-0.02617993877991494,0.0,0,-0.2454369260617026
9.401955127716064,0.0,0,-0.0032724923474893677,0.0,0,-0.2247111411942699
9.437733888626099,0.0,0,0.061086523819801536,0.0,0,-0.14617132485452508
9.466620683670044,0.0,0,0.13853550937704992,0.0,0,-0.0643590161672909
9.495848655700684,0.0,0,0.1407171709420428,0.0,0,-0.04799655442984406
9.524882078170776,0.0,0,0.14180800172453928,0.0,0,-0.05126904677733343
9.554832220077515,0.0,0,0.14617132485452508,0.0,0,-0.04908738521234052
9.585078716278076,0.0,0,0.1439896632895322,0.0,0,-0.0469057236473476
9.613890409469604,0.0,0,0.14726215563702155,0.0,0,-0.04472406208235469
9.644771099090576,0.0,0,0.14944381720201447,0.0,0,-0.04363323129985824
9.673765897750854,0.0,0,0.14835298641951802,0.0,0,-0.04363323129985824
9.70352840423584,0.0,0,0.1505346479845109,0.0,0,-0.04145156973486532
9.732645988464355,0.0,0,0.13526301702956053,0.0,0,-0.0643590161672909
9.761716842651367,0.0,0,0.07635815477475191,0.0,0,-0.14289883250703575
9.792604207992554,0.0,0,0.04036073895236887,0.0,0,-0.19634954084936207
9.821409225463867,0.0,0,0.017453292519943295,0.0,0,-0.222529479629277
9.850616693496704,0.0,0,0.002181661564992912,0.0,0,-0.23125612588924865
9.880170822143555,0.0,0,-0.0032724923474893677,0.0,0,-0.23125612588924865
9.909022092819214,0.0,0,0.001090830782496456,0.0,0,-0.23234695667174513
9.93769907951355,0.0,0,-0.002181661564992912,0.0,0,-0.23234695667174513
9.966959238052368,0.0,0,-0.007635815477475192,0.0,0,-0.23561944901923448
9.996069192886353,0.0,0,-0.01090830782496456,0.0,0,-0.24325526449670967
10.025171279907227,0.0,0,-0.015271630954950384,0.0,0,-0.24434609527920614
10.054222822189331,0.0,0,-0.02072578486743266,0.0,0,-0.25089107997418486
10.082478284835815,0.0,0,-0.0272707695624114,0.0,0,-0.25198191075668136
10.113987684249878,0.0,0,-0.02945243112740431,0.0,0,-0.2552544031041707
10.14326810836792,0.0,0,-0.03381575425739013,0.0,0,-0.25634523388666713
10.172505617141724,0.0,0,-0.03490658503988659,0.0,0,-0.2585268954516601
10.202421188354492,0.0,0,-0.04472406208235469,0.0,0,-0.2617993877991494
10.232059478759766,0.0,0,-0.04799655442984406,0.0,0,-0.26616271092913524
10.261171579360962,0.0,0,-0.0545415391248228,0.0,0,-0.2672535417116317
10.29007625579834,0.0,0,-0.05781403147231216,0.0,0,-0.27379852640661045
10.32016110420227,0.0,0,-0.06872233929727672,0.0,0,-0.28034351110158917
10.350343942642212,0.0,0,-0.07744898555724837,0.0,0,-0.28688849579656794
10.380188465118408,0.0,0,-0.08290313946973064,0.0,0,-0.2879793265790644
10.40939450263977,0.0,0,-0.08399397025222712,0.0,0,-0.2912518189265537
10.43806505203247,0.0,0,-0.08399397025222712,0.0,0,-0.29234264970905016
10.468544483184814,0.0,0,-0.0818123086872342,0.0,0,-0.28907015736156083
10.49864912033081,0.0,0,-0.07635815477475191,0.0,0,-0.284706834231575
10.528545141220093,0.0,0,-0.05999569303730508,0.0,0,-0.2694352032766246
10.558081865310669,0.0,0,0.02617993877991494,0.0,0,-0.18216874067690816
10.58665156364441,0.0,0,0.1265363707695889,0.0,0,-0.06654067773228381
10.615773439407349,0.0,0,0.11562806294462433,0.0,0,-0.0643590161672909
10.644894123077393,0.0,0,0.12980886311707826,0.0,0,-0.05126904677733343
10.674912452697754,0.0,0,0.13635384781205698,0.0,0,-0.05235987755982988
10.705443620681763,0.0,0,0.13744467859455345,0.0,0,-0.05126904677733343
10.735021591186523,0.0,0,0.13962634015954636,0.0,0,-0.05126904677733343
10.765277624130249,0.0,0,0.13962634015954636,0.0,0,-0.04908738521234052
10.794363260269165,0.0,0,0.1407171709420428,0.0,0,-0.04799655442984406
10.823978185653687,0.0,0,0.1407171709420428,0.0,0,-0.0469057236473476
10.852711200714111,0.0,0,0.14180800172453928,0.0,0,-0.04581489286485115
10.881922245025635,0.0,0,0.14289883250703575,0.0,0,-0.04472406208235469
10.9127676486969,0.0,0,0.1439896632895322,0.0,0,-0.04363323129985824
10.941373586654663,0.0,0,0.1439896632895322,0.0,0,-0.04363323129985824
10.971923351287842,0.0,0,0.1439896632895322,0.0,0,-0.04254240051736178
11.002779722213745,0.0,0,0.14508049407202864,0.0,0,-0.04145156973486532
11.032326221466064,0.0,0,0.14617132485452508,0.0,0,-0.04145156973486532
11.062270164489746,0.0,0,0.14617132485452508,0.0,0,-0.04145156973486532
11.091432809829712,0.0,0,0.14508049407202864,0.0,0,-0.04036073895236887
11.12295651435852,0.0,0,0.14617132485452508,0.0,0,-0.04036073895236887
11.155350923538208,0.0,0,0.14726215563702155,0.0,0,-0.039269908169872414
11.187437772750854,0.0,0,0.14726215563702155,0.0,0,-0.039269908169872414
11.217730283737183,0.0,0,0.14617132485452508,0.0,0,-0.039269908169872414
11.248882532119751,0.0,0,0.14617132485452508,0.0,0,-0.038179077387375956
11.280227899551392,0.0,0,0.14726215563702155,0.0,0,-0.038179077387375956
11.312628507614136,0.0,0,0.14726215563702155,0.0,0,-0.038179077387375956
11.343101739883423,0.0,0,0.14726215563702155,0.0,0,-0.037088246604879506
11.373826742172241,0.0,0,0.14835298641951802,0.0,0,-0.037088246604879506
11.40433382987976,0.0,0,0.14835298641951802,0.0,0,-0.037088246604879506
11.43463134765625,0.0,0,0.14835298641951802,0.0,0,-0.037088246604879506
11.46490478515625,0.0,0,0.14835298641951802,0.0,0,-0.03599741582238305
11.495466470718384,0.0,0,0.14835298641951802,0.0,0,-0.03599741582238305
11.526221513748169,0.0,0,0.14944381720201447,0.0,0,-0.03599741582238305
11.557475328445435,0.0,0,0.14944381720201447,0.0,0,-0.03599741582238305
11.586391687393188,0.0,0,0.14835298641951802,0.0,0,-0.03490658503988659
11.616418361663818,0.0,0,0.14944381720201447,0.0,0,-0.03490658503988659
11.645437002182007,0.0,0,0.14944381720201447,0.0,0,-0.03490658503988659
11.675484895706177,0.0,0,0.14944381720201447,0.0,0,-0.03490658503988659
11.704416036605835,0.0,0,0.14944381720201447,0.0,0,-0.03490658503988659
11.73397946357727,0.0,0,0.14944381720201447,0.0,0,-0.03381575425739013
11.763386964797974,0.0,0,0.14944381720201447,0.0,0,-0.03381575425739013
11.79315447807312,0.0,0,0.1505346479845109,0.0,0,-0.03381575425739013
11.823087692260742,0.0,0,0.14944381720201447,0.0,0,-0.03381575425739013
11.8524169921875,0.0,0,0.14944381720201447,0.0,0,-0.03381575425739013
11.881750583648682,0.0,0,0.14944381720201447,0.0,0,-0.03381575425739013
11.911402463912964,0.0,0,0.1505346479845109,0.0,0,-0.03381575425739013
11.941112041473389,0.0,0,0.1505346479845109,0.0,0,-0.03381575425739013
11.96988582611084,0.0,0,0.14944381720201447,0.0,0,-0.032724923474893676
11.999537229537964,0.0,0,0.14944381720201447,0.0,0,-0.032724923474893676
12.028907060623169,0.0,0,0.1505346479845109,0.0,0,-0.032724923474893676
12.059975385665894,0.0,0,0.14944381720201447,0.0,0,-0.032724923474893676
12.090573787689209,0.0,0,0.1505346479845109,0.0,0,-0.032724923474893676
12.11994218826294,0.0,0,0.1505346479845109,0.0,0,-0.032724923474893676
12.152156591415405,0.0,0,0.1505346479845109,0.0,0,-0.032724923474893676
12.18247675895691,0.0,0,0.14944381720201447,0.0,0,-0.032724923474893676
12.212927341461182,0.0,0,0.1505346479845109,0.0,0,-0.032724923474893676
12.243384838104248,0.0,0,0.14944381720201447,0.0,0,-0.032724923474893676
12.273475170135498,0.0,0,0.14944381720201447,0.0,0,-0.031634092692397225
12.30386209487915,0.0,0,0.1505346479845109,0.0,0,-0.031634092692397225
12.333311319351196,0.0,0,0.1505346479845109,0.0,0,-0.031634092692397225
12.362542867660522,0.0,0,0.1505346479845109,0.0,0,-0.031634092692397225
12.393814325332642,0.0,0,0.14944381720201447,0.0,0,-0.031634092692397225
12.423614740371704,0.0,0,0.1505346479845109,0.0,0,-0.031634092692397225
12.453483581542969,0.0,0,0.15162547876700738,0.0,0,-0.031634092692397225
12.483033180236816,0.0,0,0.1505346479845109,0.0,0,-0.031634092692397225
12.51282548904419,0.0,0,0.1505346479845109,0.0,0,-0.031634092692397225
12.542752027511597,0.0,0,0.1505346479845109,0.0,0,-0.031634092692397225
12.57206416130066,0.0,0,0.1505346479845109,0.0,0,-0.030543261909900768
12.600517272949219,0.0,0,0.15162547876700738,0.0,0,-0.031634092692397225
12.630622148513794,0.0,0,0.1505346479845109,0.0,0,-0.030543261909900768
12.659560918807983,0.0,0,0.15162547876700738,0.0,0,-0.030543261909900768
12.68866229057312,0.0,0,0.1505346479845109,0.0,0,-0.030543261909900768
12.718046426773071,0.0,0,0.1505346479845109,0.0,0,-0.030543261909900768
12.748274326324463,0.0,0,0.1505346479845109,0.0,0,-0.030543261909900768
12.778270483016968,0.0,0,0.15162547876700738,0.0,0,-0.030543261909900768
12.808753967285156,0.0,0,0.1505346479845109,0.0,0,-0.030543261909900768
12.839316606521606,0.0,0,0.1505346479845109,0.0,0,-0.030543261909900768
12.868470668792725,0.0,0,0.1505346479845109,0.0,0,-0.030543261909900768
12.898338079452515,0.0,0,0.15162547876700738,0.0,0,-0.030543261909900768
12.928865671157837,0.0,0,0.15162547876700738,0.0,0,-0.030543261909900768
12.960206747055054,0.0,0,0.1505346479845109,0.0,0,-0.030543261909900768
12.991883993148804,0.0,0,0.1505346479845109,0.0,0,-0.030543261909900768
13.020920038223267,0.0,0,0.1505346479845109,0.0,0,-0.030543261909900768
13.050076246261597,0.0,0,0.15162547876700738,0.0,0,-0.030543261909900768
13.078455448150635,0.0,0,0.1505346479845109,0.0,0,-0.02945243112740431
13.10721755027771,0.0,0,0.1505346479845109,0.0,0,-0.02945243112740431
13.136155366897583,0.0,0,0.1505346479845109,0.0,0,-0.02945243112740431
13.166262865066528,0.0,0,0.14944381720201447,0.0,0,-0.02945243112740431
13.195918083190918,0.0,0,0.14944381720201447,0.0,0,-0.028361600344907856
13.226427555084229,0.0,0,0.14944381720201447,0.0,0,-0.028361600344907856
13.256291389465332,0.0,0,0.1505346479845109,0.0,0,-0.028361600344907856
13.286188125610352,0.0,0,0.14944381720201447,0.0,0,-0.028361600344907856
13.315483093261719,0.0,0,0.14835298641951802,0.0,0,-0.028361600344907856
13.345410108566284,0.0,0,0.14944381720201447,0.0,0,-0.028361600344907856
13.374549627304077,0.0,0,0.14944381720201447,0.0,0,-0.02945243112740431
13.403760433197021,0.0,0,0.1505346479845109,0.0,0,-0.028361600344907856
13.432535886764526,0.0,0,0.14944381720201447,0.0,0,-0.028361600344907856
13.464346170425415,0.0,0,0.14944381720201447,0.0,0,-0.028361600344907856
13.495754718780518,0.0,0,0.14944381720201447,0.0,0,-0.028361600344907856
13.525552034378052,0.0,0,0.14944381720201447,0.0,0,-0.028361600344907856
13.55589747428894,0.0,0,0.14944381720201447,0.0,0,-0.028361600344907856
13.584785223007202,0.0,0,0.1505346479845109,0.0,0,-0.028361600344907856
13.613541603088379,0.0,0,0.14944381720201447,0.0,0,-0.028361600344907856
13.64371395111084,0.0,0,0.14835298641951802,0.0,0,-0.028361600344907856
13.672638416290283,0.0,0,0.14944381720201447,0.0,0,-0.028361600344907856
13.702252626419067,0.0,0,0.1505346479845109,0.0,0,-0.028361600344907856
13.73250699043274,0.0,0,0.14944381720201447,0.0,0,-0.028361600344907856
13.763304710388184,0.0,0,0.14944381720201447,0.0,0,-0.028361600344907856
13.791549921035767,0.0,0,0.14944381720201447,0.0,0,-0.0272707695624114
13.821430444717407,0.0,0,0.14944381720201447,0.0,0,-0.0272707695624114
13.850677013397217,0.0,0,0.1505346479845109,0.0,0,-0.028361600344907856
13.879461526870728,0.0,0,0.14944381720201447,0.0,0,-0.028361600344907856
13.907658815383911,0.0,0,0.14835298641951802,0.0,0,-0.0272707695624114
13.936763048171997,0.0,0,0.14944381720201447,0.0,0,-0.0272707695624114
13.967642068862915,0.0,0,0.1505346479845109,0.0,0,-0.0272707695624114
13.997123003005981,0.0,0,0.14944381720201447,0.0,0,-0.0272707695624114
14.027537822723389,0.0,0,0.1505346479845109,0.0,0,-0.0272707695624114
14.057611227035522,0.0,0,0.14944381720201447,0.0,0,-0.0272707695624114
14.086718559265137,0.0,0,0.14944381720201447,0.0,0,-0.0272707695624114
14.116222381591797,0.0,0,0.14944381720201447,0.0,0,-0.0272707695624114
14.145049810409546,0.0,0,0.14944381720201447,0.0,0,-0.0272707695624114
14.175721406936646,0.0,0,0.1505346479845109,0.0,0,-0.0272707695624114
14.206109046936035,0.0,0,0.14944381720201447,0.0,0,-0.0272707695624114
14.237024784088135,0.0,0,0.14944381720201447,0.0,0,-0.0272707695624114
14.267028331756592,0.0,0,0.14944381720201447,0.0,0,-0.0272707695624114
14.296084880828857,0.0,0,0.1505346479845109,0.0,0,-0.0272707695624114
14.327033042907715,0.0,0,0.14944381720201447,0.0,0,-0.0272707695624114
14.358081579208374,0.0,0,0.14944381720201447,0.0,0,-0.02617993877991494
14.387418508529663,0.0,0,0.14944381720201447,0.0,0,-0.02617993877991494
14.416902303695679,0.0,0,0.14944381720201447,0.0,0,-0.02617993877991494
14.448678493499756,0.0,0,0.14944381720201447,0.0,0,-0.02617993877991494
14.479041814804077,0.0,0,0.14944381720201447,0.0,0,-0.02617993877991494
14.511212587356567,0.0,0,0.14835298641951802,0.0,0,-0.02617993877991494
14.543753147125244,0.0,0,0.14944381720201447,0.0,0,-0.02617993877991494
14.575642585754395,0.0,0,0.1505346479845109,0.0,0,-0.02617993877991494
14.610298156738281,0.0,0,0.14944381720201447,0.0,0,-0.02617993877991494
14.648412227630615,0.0,0,0.14944381720201447,0.0,0,-0.02617993877991494
14.687478065490723,0.0,0,0.1505346479845109,0.0,0,-0.02617993877991494
14.726515531539917,0.0,0,0.14944381720201447,0.0,0,-0.02617993877991494
14.76591157913208,0.0,0,0.14944381720201447,0.0,0,-0.02617993877991494
14.803518772125244,0.0,0,0.14835298641951802,0.0,0,-0.025089107997418484
14.84026551246643,0.0,0,0.14944381720201447,0.0,0,-0.025089107997418484
14.871250867843628,0.0,0,0.14944381720201447,0.0,0,-0.025089107997418484
14.90236496925354,0.0,0,0.14835298641951802,0.0,0,-0.025089107997418484
14.932967901229858,0.0,0,0.14944381720201447,0.0,0,-0.025089107997418484
14.963665962219238,0.0,0,0.14944381720201447,0.0,0,-0.025089107997418484
14.994391679763794,0.0,0,0.14835298641951802,0.0,0,-0.025089107997418484
15.026707410812378,0.0,0,0.14944381720201447,0.0,0,-0.025089107997418484
15.058353662490845,0.0,0,0.14944381720201447,0.0,0,-0.025089107997418484
15.089426040649414,0.0,0,0.14944381720201447,0.0,0,-0.025089107997418484
15.120015382766724,0.0,0,0.14835298641951802,0.0,0,-0.025089107997418484
15.14974045753479,0.0,0,0.14835298641951802,0.0,0,-0.025089107997418484
15.180957078933716,0.0,0,0.14944381720201447,0.0,0,-0.025089107997418484
15.210673809051514,0.0,0,0.14944381720201447,0.0,0,-0.025089107997418484
15.242224931716919,0.0,0,0.14835298641951802,0.0,0,-0.025089107997418484
15.273099184036255,0.0,0,0.14835298641951802,0.0,0,-0.02399827721492203
15.302607536315918,0.0,0,0.14944381720201447,0.0,0,-0.02399827721492203
15.331876516342163,0.0,0,0.14944381720201447,0.0,0,-0.025089107997418484
15.36149287223816,0.0,0,0.14835298641951802,0.0,0,-0.02399827721492203
15.391869068145752,0.0,0,0.14835298641951802,0.0,0,-0.02399827721492203
15.421984672546387,0.0,0,0.14835298641951802,0.0,0,-0.02399827721492203
15.451966047286987,0.0,0,0.14944381720201447,0.0,0,-0.02399827721492203
15.482433557510376,0.0,0,0.14944381720201447,0.0,0,-0.02399827721492203
15.51191759109497,0.0,0,0.14835298641951802,0.0,0,-0.02399827721492203
15.542494297027588,0.0,0,0.14835298641951802,0.0,0,-0.02399827721492203
15.571861505508423,0.0,0,0.14944381720201447,0.0,0,-0.02399827721492203
15.602120399475098,0.0,0,0.14944381720201447,0.0,0,-0.02399827721492203
15.63190507888794,0.0,0,0.14944381720201447,0.0,0,-0.02399827721492203
15.662245035171509,0.0,0,0.14835298641951802,0.0,0,-0.02399827721492203
15.691535472869873,0.0,0,0.14835298641951802,0.0,0,-0.02399827721492203
15.721646785736084,0.0,0,0.14944381720201447,0.0,0,-0.02399827721492203
15.75202465057373,0.0,0,0.14944381720201447,0.0,0,-0.02399827721492203
15.783345937728882,0.0,0,0.14835298641951802,0.0,0,-0.02399827721492203
15.813764095306396,0.0,0,0.14835298641951802,0.0,0,-0.02399827721492203
15.845261096954346,0.0,0,0.14944381720201447,0.0,0,-0.02399827721492203
15.876720905303955,0.0,0,0.14944381720201447,0.0,0,-0.02399827721492203
15.908711910247803,0.0,0,0.14944381720201447,0.0,0,-0.02399827721492203
15.939425230026245,0.0,0,0.14835298641951802,0.0,0,-0.02399827721492203
15.970410108566284,0.0,0,0.14944381720201447,0.0,0,-0.02399827721492203
16.002323865890503,0.0,0,0.14835298641951802,0.0,0,-0.022907446432425576
16.03337597846985,0.0,0,0.14835298641951802,0.0,0,-0.022907446432425576
16.064232349395752,0.0,0,0.14944381720201447,0.0,0,-0.022907446432425576
16.094270944595337,0.0,0,0.14944381720201447,0.0,0,-0.022907446432425576
16.126213788986206,0.0,0,0.14944381720201447,0.0,0,-0.022907446432425576
16.1583571434021,0.0,0,0.14835298641951802,0.0,0,-0.022907446432425576
16.18949031829834,0.0,0,0.14835298641951802,0.0,0,-0.022907446432425576
16.220431804656982,0.0,0,0.14944381720201447,0.0,0,-0.022907446432425576
16.25230073928833,0.0,0,0.14835298641951802,0.0,0,-0.022907446432425576
16.284481287002563,0.0,0,0.14835298641951802,0.0,0,-0.022907446432425576
16.315463066101074,0.0,0,0.14944381720201447,0.0,0,-0.022907446432425576
16.34809637069702,0.0,0,0.14944381720201447,0.0,0,-0.022907446432425576
16.377825498580933,0.0,0,0.14835298641951802,0.0,0,-0.022907446432425576
16.408272743225098,0.0,0,0.14835298641951802,0.0,0,-0.022907446432425576
16.43903350830078,0.0,0,0.14944381720201447,0.0,0,-0.022907446432425576
16.4697368144989,0.0,0,0.14835298641951802,0.0,0,-0.022907446432425576
16.50079917907715,0.0,0,0.14835298641951802,0.0,0,-0.022907446432425576
16.530932426452637,0.0,0,0.14835298641951802,0.0,0,-0.022907446432425576
16.56140446662903,0.0,0,0.14944381720201447,0.0,0,-0.02399827721492203
16.592536449432373,0.0,0,0.14835298641951802,0.0,0,-0.022907446432425576
16.622424125671387,0.0,0,0.14835298641951802,0.0,0,-0.022907446432425576
16.652772903442383,0.0,0,0.14835298641951802,0.0,0,-0.022907446432425576
16.683538913726807,0.0,0,0.14944381720201447,0.0,0,-0.022907446432425576
16.71392798423767,0.0,0,0.14835298641951802,0.0,0,-0.022907446432425576
16.743825674057007,0.0,0,0.14835298641951802,0.0,0,-0.022907446432425576
16.77450966835022,0.0,0,0.14835298641951802,0.0,0,-0.022907446432425576
16.806419372558594,0.0,0,0.14835298641951802,0.0,0,-0.022907446432425576
16.837050199508667,0.0,0,0.14835298641951802,0.0,0,-0.022907446432425576
16.868003129959106,0.0,0,0.14726215563702155,0.0,0,-0.022907446432425576
16.898614406585693,0.0,0,0.14726215563702155,0.0,0,-0.022907446432425576
16.928847551345825,0.0,0,0.14835298641951802,0.0,0,-0.022907446432425576
16.959291696548462,0.0,0,0.14835298641951802,0.0,0,-0.022907446432425576
16.98909640312195,0.0,0,0.14835298641951802,0.0,0,-0.022907446432425576
17.019920587539673,0.0,0,0.14726215563702155,0.0,0,-0.022907446432425576
17.051307439804077,0.0,0,0.14835298641951802,0.0,0,-0.022907446432425576
17.081144094467163,0.0,0,0.14835298641951802,0.0,0,-0.022907446432425576
17.112361192703247,0.0,0,0.14944381720201447,0.0,0,-0.017453292519943295
17.141444206237793,0.0,0,0.15162547876700738,0.0,0,-0.014180800172453928
17.17100238800049,0.0,0,0.14617132485452508,0.0,0,-0.009817477042468103
17.200550079345703,0.0,0,0.1439896632895322,0.0,0,-0.007635815477475192
17.231090307235718,0.0,0,0.14289883250703575,0.0,0,-0.008726646259971648
17.26166009902954,0.0,0,0.1407171709420428,0.0,0,-0.00545415391248228
17.291812896728516,0.0,0,0.13962634015954636,0.0,0,-0.004363323129985824
17.32248330116272,0.0,0,0.13526301702956053,0.0,0,0.002181661564992912
17.35236620903015,0.0,0,0.12544553998709243,0.0,0,0.02072578486743266
17.3825945854187,0.0,0,0.1341721862470641,0.0,0,0.05345070834232634
17.412380933761597,0.0,0,0.11780972450961724,0.0,0,0.09926560120717749
17.44197654724121,0.0,0,0.0938114472946952,0.0,0,0.1439896632895322
17.471374034881592,0.0,0,0.08290313946973064,0.0,0,0.19525871006686563
17.500428915023804,0.0,0,0.0643590161672909,0.0,0,0.23671027980173093
17.530189752578735,0.0,0,0.03599741582238305,0.0,0,0.2596177262341565
17.560229063034058,0.0,0,0.014180800172453928,0.0,0,0.26616271092913524
17.589964866638184,0.0,0,-0.008726646259971648,0.0,0,0.2792526803190927
17.620208740234375,0.0,0,-0.015271630954950384,0.0,0,0.2977968036215325
17.650275230407715,0.0,0,-0.018544123302439753,0.0,0,0.3119776037939864
17.68010950088501,0.0,0,-0.02617993877991494,0.0,0,0.31525009614147576
17.709567308425903,0.0,0,-0.019634954084936207,0.0,0,0.3119776037939864
17.739060163497925,0.0,0,0.006544984694978735,0.0,0,0.29888763440402893
17.768884897232056,0.0,0,0.04363323129985824,0.0,0,0.2694352032766246
17.80023455619812,0.0,0,0.08399397025222712,0.0,0,0.22143864884678055
17.829804182052612,0.0,0,0.12108221685710661,0.0,0,0.15926129424448257
17.859137535095215,0.0,0,0.15162547876700738,0.0,0,0.0818123086872342
17.88837242126465,0.0,0,0.17235126363444003,0.0,0,0.015271630954950384
17.91848397254944,0.0,0,0.19853120241435498,0.0,0,-0.028361600344907856
17.948514938354492,0.0,0,0.2279836335417593,0.0,0,-0.04908738521234052
17.979145288467407,0.0,0,0.25198191075668136,0.0,0,-0.04581489286485115
18.009124755859375,0.0,0,0.2683443724941282,0.0,0,-0.05126904677733343
18.038652181625366,0.0,0,0.2814343418840856,0.0,0,-0.07853981633974483
18.068506717681885,0.0,0,0.29561514205653955,0.0,0,-0.12217304763960307
18.099470615386963,0.0,0,0.3097959422289935,0.0,0,-0.1658062789394613
18.129462957382202,0.0,0,0.3196134192714616,0.0,0,-0.1876228945893904
18.15934157371521,0.0,0,0.3141592653589793,0.0,0,-0.17671458676442586
18.188098430633545,0.0,0,0.29561514205653955,0.0,0,-0.12544553998709243
18.217297077178955,0.0,0,0.2814343418840856,0.0,0,-0.06654067773228381
18.247252941131592,0.0,0,0.26398104936414235,0.0,0,-0.022907446432425576
18.27641725540161,0.0,0,0.24325526449670967,0.0,0,-0.0032724923474893677
18.30541229248047,0.0,0,0.23125612588924865,0.0,0,0.0
18.334461212158203,0.0,0,0.222529479629277,0.0,0,0.001090830782496456
18.36308002471924,0.0,0,0.210530341021816,0.0,0,0.0
18.393514394760132,0.0,0,0.2028945255443408,0.0,0,0.0
18.423253774642944,0.0,0,0.19634954084936207,0.0,0,0.002181661564992912
18.455140352249146,0.0,0,0.1974403716318585,0.0,0,0.007635815477475192
18.485689163208008,0.0,0,0.19962203319685143,0.0,0,0.016362461737446838
18.515278339385986,0.0,0,0.20398535632683729,0.0,0,0.018544123302439753
18.545397758483887,0.0,0,0.20943951023931953,0.0,0,0.025089107997418484
18.574923038482666,0.0,0,0.1930770485018727,0.0,0,0.007635815477475192
18.604419708251953,0.0,0,0.18435040224190105,0.0,0,-0.016362461737446838
18.63461661338806,0.0,0,0.19089538693687977,0.0,0,-0.02181661564992912
18.66408920288086,0.0,0,0.19198621771937624,0.0,0,-0.03490658503988659
18.69330096244812,0.0,0,0.19198621771937624,0.0,0,-0.02617993877991494
18.72293472290039,0.0,0,0.1974403716318585,0.0,0,-0.031634092692397225
18.753247499465942,0.0,0,0.19416787928436918,0.0,0,-0.02945243112740431
18.784022569656372,0.0,0,0.19634954084936207,0.0,0,-0.02945243112740431
18.815372467041016,0.0,0,0.19525871006686563,0.0,0,-0.028361600344907856
18.8504536151886,0.0,0,0.19525871006686563,0.0,0,-0.02945243112740431
18.881697177886963,0.0,0,0.1832595714594046,0.0,0,-0.032724923474893676
18.911222219467163,0.0,0,0.18216874067690816,0.0,0,-0.03381575425739013
18.941128492355347,0.0,0,0.17998707911191522,0.0,0,-0.03381575425739013
18.980737447738647,0.0,0,0.17889624832941875,0.0,0,-0.03490658503988659
19.02291440963745,0.0,0,0.17889624832941875,0.0,0,-0.03381575425739013
19.06488537788391,0.0,0,0.17998707911191522,0.0,0,-0.03381575425739013
19.106022357940674,0.0,0,0.17889624832941875,0.0,0,-0.03381575425739013
19.14683246612549,0.0,0,0.17889624832941875,0.0,0,-0.03381575425739013
19.188379049301147,0.0,0,0.17889624832941875,0.0,0,-0.03381575425739013
19.229269981384277,0.0,0,0.1778054175469223,0.0,0,-0.03381575425739013
19.26992630958557,0.0,0,0.17998707911191522,0.0,0,-0.03381575425739013
19.310539484024048,0.0,0,0.17889624832941875,0.0,0,-0.03381575425739013
19.350323915481567,0.0,0,0.17889624832941875,0.0,0,-0.03381575425739013
19.390778064727783,0.0,0,0.1778054175469223,0.0,0,-0.032724923474893676
19.422346115112305,0.0,0,0.17998707911191522,0.0,0,-0.03381575425739013
19.453840255737305,0.0,0,0.1778054175469223,0.0,0,-0.032724923474893676
19.485512733459473,0.0,0,0.17889624832941875,0.0,0,-0.03381575425739013
19.51796865463257,0.0,0,0.1778054175469223,0.0,0,-0.032724923474893676
19.55022954940796,0.0,0,0.1778054175469223,0.0,0,-0.032724923474893676
19.58261227607727,0.0,0,0.17889624832941875,0.0,0,-0.032724923474893676
19.615071773529053,0.0,0,0.17889624832941875,0.0,0,-0.032724923474893676
19.648451328277588,0.0,0,0.17889624832941875,0.0,0,-0.03381575425739013
19.68178367614746,0.0,0,0.17889624832941875,0.0,0,-0.032724923474893676
19.715925693511963,0.0,0,0.17889624832941875,0.0,0,-0.03381575425739013
19.746963024139404,0.0,0,0.1778054175469223,0.0,0,-0.032724923474893676
19.775421619415283,0.0,0,0.17889624832941875,0.0,0,-0.032724923474893676
19.80610704421997,0.0,0,0.1778054175469223,0.0,0,-0.032724923474893676
19.836331129074097,0.0,0,0.1778054175469223,0.0,0,-0.032724923474893676
19.869950532913208,0.0,0,0.17889624832941875,0.0,0,-0.032724923474893676
19.90341877937317,0.0,0,0.17889624832941875,0.0,0,-0.032724923474893676
19.93646502494812,0.0,0,0.17889624832941875,0.0,0,-0.032724923474893676
19.967899322509766,0.0,0,0.1778054175469223,0.0,0,-0.032724923474893676
19.999571561813354,0.0,0,0.17889624832941875,0.0,0,-0.032724923474893676
20.031214714050293,0.0,0,0.1778054175469223,0.0,0,-0.032724923474893676
20.062808513641357,0.0,0,0.1778054175469223,0.0,0,-0.032724923474893676
20.09559917449951,0.0,0,0.1778054175469223,0.0,0,-0.032724923474893676
20.1288321018219,0.0,0,0.17889624832941875,0.0,0,-0.032724923474893676
20.162007093429565,0.0,0,0.1778054175469223,0.0,0,-0.032724923474893676
20.196218729019165,0.0,0,0.1778054175469223,0.0,0,-0.032724923474893676
20.22956657409668,0.0,0,0.17889624832941875,0.0,0,-0.032724923474893676
20.26289439201355,0.0,0,0.1778054175469223,0.0,0,-0.032724923474893676
20.296186208724976,0.0,0,0.1778054175469223,0.0,0,-0.032724923474893676
20.32874846458435,0.0,0,0.17889624832941875,0.0,0,-0.032724923474893676
20.362008333206177,0.0,0,0.1778054175469223,0.0,0,-0.032724923474893676
20.395068645477295,0.0,0,0.17889624832941875,0.0,0,-0.032724923474893676
20.428423404693604,0.0,0,0.1778054175469223,0.0,0,-0.032724923474893676
20.462387800216675,0.0,0,0.1778054175469223,0.0,0,-0.032724923474893676
20.496113300323486,0.0,0,0.17889624832941875,0.0,0,-0.032724923474893676
20.529441833496094,0.0,0,0.1778054175469223,0.0,0,-0.032724923474893676
20.563209295272827,0.0,0,0.1778054175469223,0.0,0,-0.032724923474893676
20.595810651779175,0.0,0,0.1778054175469223,0.0,0,-0.032724923474893676
20.629154443740845,0.0,0,0.1778054175469223,0.0,0,-0.032724923474893676
20.662721633911133,0.0,0,0.1778054175469223,0.0,0,-0.032724923474893676
20.696207284927368,0.0,0,0.1778054175469223,0.0,0,-0.032724923474893676
20.72925066947937,0.0,0,0.1778054175469223,0.0,0,-0.032724923474893676
20.762588500976562,0.0,0,0.1778054175469223,0.0,0,-0.032724923474893676
20.795724868774414,0.0,0,0.1778054175469223,0.0,0,-0.032724923474893676
20.829020500183105,0.0,0,0.17671458676442586,0.0,0,-0.032724923474893676
20.862229108810425,0.0,0,0.1778054175469223,0.0,0,-0.032724923474893676
20.8961763381958,0.0,0,0.1778054175469223,0.0,0,-0.031634092692397225
20.929661512374878,0.0,0,0.17671458676442586,0.0,0,-0.031634092692397225
20.962538719177246,0.0,0,0.1778054175469223,0.0,0,-0.031634092692397225
20.995359659194946,0.0,0,0.17671458676442586,0.0,0,-0.031634092692397225
21.02828621864319,0.0,0,0.17671458676442586,0.0,0,-0.031634092692397225
21.06136417388916,0.0,0,0.1778054175469223,0.0,0,-0.031634092692397225
21.094141960144043,0.0,0,0.17671458676442586,0.0,0,-0.031634092692397225
21.127370357513428,0.0,0,0.1778054175469223,0.0,0,-0.031634092692397225
21.16011095046997,0.0,0,0.1778054175469223,0.0,0,-0.031634092692397225
21.193479776382446,0.0,0,0.1778054175469223,0.0,0,-0.031634092692397225
21.226917266845703,0.0,0,0.1778054175469223,0.0,0,-0.031634092692397225
21.260966300964355,0.0,0,0.1778054175469223,0.0,0,-0.031634092692397225
21.29481554031372,0.0,0,0.1778054175469223,0.0,0,-0.031634092692397225
21.328065872192383,0.0,0,0.1778054175469223,0.0,0,-0.031634092692397225
21.361427307128906,0.0,0,0.1778054175469223,0.0,0,-0.031634092692397225
21.395400524139404,0.0,0,0.17671458676442586,0.0,0,-0.031634092692397225
21.429511547088623,0.0,0,0.1778054175469223,0.0,0,-0.032724923474893676
21.463383674621582,0.0,0,0.1778054175469223,0.0,0,-0.031634092692397225
21.496560096740723,0.0,0,0.17671458676442586,0.0,0,-0.031634092692397225
21.529995441436768,0.0,0,0.1778054175469223,0.0,0,-0.031634092692397225
21.563239336013794,0.0,0,0.17671458676442586,0.0,0,-0.031634092692397225
21.607075214385986,0.0,0,0.17671458676442586,0.0,0,-0.032724923474893676
21.636974811553955,0.0,0,0.1778054175469223,0.0,0,-0.031634092692397225
21.671619176864624,0.0,0,0.17671458676442586,0.0,0,-0.031634092692397225
21.705532550811768,0.0,0,0.17671458676442586,0.0,0,-0.032724923474893676
21.738816738128662,0.0,0,0.1778054175469223,0.0,0,-0.031634092692397225
21.77207112312317,0.0,0,0.1778054175469223,0.0,0,-0.032724923474893676
21.805394411087036,0.0,0,0.1778054175469223,0.0,0,-0.032724923474893676
21.841390132904053,0.0,0,0.17671458676442586,0.0,0,-0.032724923474893676
21.874719619750977,0.0,0,0.1778054175469223,0.0,0,-0.032724923474893676
21.908918142318726,0.0,0,0.1778054175469223,0.0,0,-0.032724923474893676
21.94219970703125,0.0,0,0.17671458676442586,0.0,0,-0.032724923474893676
21.976000547409058,0.0,0,0.1778054175469223,0.0,0,-0.032724923474893676
22.00954508781433,0.0,0,0.17671458676442586,0.0,0,-0.032724923474893676
22.04304313659668,0.0,0,0.17671458676442586,0.0,0,-0.032724923474893676
22.075822591781616,0.0,0,0.1778054175469223,0.0,0,-0.032724923474893676
22.108078241348267,0.0,0,0.17671458676442586,0.0,0,-0.032724923474893676
22.14114236831665,0.0,0,0.1778054175469223,0.0,0,-0.032724923474893676
22.173604011535645,0.0,0,0.17671458676442586,0.0,0,-0.032724923474893676
22.2069308757782,0.0,0,0.17671458676442586,0.0,0,-0.032724923474893676
22.238013982772827,0.0,0,0.1778054175469223,0.0,0,-0.032724923474893676
22.27027463912964,0.0,0,0.17671458676442586,0.0,0,-0.032724923474893676
22.301656484603882,0.0,0,0.17671458676442586,0.0,0,-0.032724923474893676
22.333153247833252,0.0,0,0.17671458676442586,0.0,0,-0.032724923474893676
22.364978790283203,0.0,0,0.17671458676442586,0.0,0,-0.032724923474893676
22.397530794143677,0.0,0,0.1756237559819294,0.0,0,-0.032724923474893676
22.43060278892517,0.0,0,0.17671458676442586,0.0,0,-0.032724923474893676
22.4633207321167,0.0,0,0.1778054175469223,0.0,0,-0.032724923474893676
22.496554851531982,0.0,0,0.17671458676442586,0.0,0,-0.032724923474893676
22.52898907661438,0.0,0,0.17671458676442586,0.0,0,-0.032724923474893676
22.561946153640747,0.0,0,0.1778054175469223,0.0,0,-0.032724923474893676
22.594134092330933,0.0,0,0.17671458676442586,0.0,0,-0.032724923474893676
22.626358032226562,0.0,0,0.17671458676442586,0.0,0,-0.032724923474893676
22.658449411392212,0.0,0,0.17671458676442586,0.0,0,-0.032724923474893676
22.690391778945923,0.0,0,0.17671458676442586,0.0,0,-0.032724923474893676
22.722780227661133,0.0,0,0.17671458676442586,0.0,0,-0.032724923474893676
22.755327463150024,0.0,0,0.17671458676442586,0.0,0,-0.032724923474893676
22.787977695465088,0.0,0,0.1778054175469223,0.0,0,-0.032724923474893676
22.820241451263428,0.0,0,0.17671458676442586,0.0,0,-0.032724923474893676
22.856131553649902,0.0,0,0.17671458676442586,0.0,0,-0.032724923474893676
22.890761613845825,0.0,0,0.17671458676442586,0.0,0,-0.032724923474893676
22.924580097198486,0.0,0,0.17671458676442586,0.0,0,-0.032724923474893676
22.958134174346924,0.0,0,0.17453292519943295,0.0,0,-0.039269908169872414
22.99225664138794,0.0,0,0.1756237559819294,0.0,0,-0.04908738521234052
23.02584481239319,0.0,0,0.17671458676442586,0.0,0,-0.05781403147231216
23.05927610397339,0.0,0,0.17998707911191522,0.0,0,-0.05890486225480862
23.09344983100891,0.0,0,0.17889624832941875,0.0,0,-0.062177354602297986
23.12661051750183,0.0,0,0.17998707911191522,0.0,0,-0.07853981633974483
23.160264492034912,0.0,0,0.1810779098944117,0.0,0,-0.08617563181722002
23.193837642669678,0.0,0,0.17998707911191522,0.0,0,-0.09053895494720585
23.225911855697632,0.0,0,0.17998707911191522,0.0,0,-0.09817477042468103
23.258859872817993,0.0,0,0.18216874067690816,0.0,0,-0.10581058590215622
23.29258632659912,0.0,0,0.17998707911191522,0.0,0,-0.11671889372712078
23.325948476791382,0.0,0,0.17998707911191522,0.0,0,-0.1265363707695889
23.36070489883423,0.0,0,0.1778054175469223,0.0,0,-0.1341721862470641
23.404387712478638,0.0,0,0.17889624832941875,0.0,0,-0.13853550937704992
23.451834440231323,0.0,0,0.1778054175469223,0.0,0,-0.1439896632895322
23.494871854782104,0.0,0,0.1756237559819294,0.0,0,-0.14835298641951802
23.55187463760376,0.0,0,0.17126043285194356,0.0,0,-0.15380714033200027
23.594125270843506,0.0,0,0.17126043285194356,0.0,0,-0.16144295580947549
23.636008262634277,0.0,0,0.17016960206944712,0.0,0,-0.16471544815696484
23.677576780319214,0.0,0,0.16907877128695067,0.0,0,-0.16798794050445423
23.713993310928345,0.0,0,0.17126043285194356,0.0,0,-0.17016960206944712
23.746740341186523,0.0,0,0.17126043285194356,0.0,0,-0.17453292519943295
23.779837608337402,0.0,0,0.1658062789394613,0.0,0,-0.1778054175469223
23.813145875930786,0.0,0,0.1658062789394613,0.0,0,-0.1810779098944117
23.846346855163574,0.0,0,0.16035212502697904,0.0,0,-0.18435040224190105
23.88132333755493,0.0,0,0.16144295580947549,0.0,0,-0.19089538693687977
23.91486430168152,0.0,0,0.16253378659197193,0.0,0,-0.19416787928436918
23.948453903198242,0.0,0,0.1636246173744684,0.0,0,-0.19525871006686563
23.981549501419067,0.0,0,0.1636246173744684,0.0,0,-0.19634954084936207
24.01520276069641,0.0,0,0.1636246173744684,0.0,0,-0.19634954084936207
24.048917293548584,0.0,0,0.1636246173744684,0.0,0,-0.19634954084936207
24.081708431243896,0.0,0,0.16471544815696484,0.0,0,-0.19634954084936207
24.11512804031372,0.0,0,0.16907877128695067,0.0,0,-0.18653206380689397
24.14881920814514,0.0,0,0.17671458676442586,0.0,0,-0.15162547876700738
24.182682752609253,0.0,0,0.1810779098944117,0.0,0,-0.10799224746714915
24.21658229827881,0.0,0,0.1810779098944117,0.0,0,-0.06981317007977318
24.249397039413452,0.0,0,0.1734420944169365,0.0,0,-0.05672320068981571
24.281965732574463,0.0,0,0.1734420944169365,0.0,0,-0.0545415391248228
24.315011501312256,0.0,0,0.1734420944169365,0.0,0,-0.05345070834232634
24.34752321243286,0.0,0,0.17453292519943295,0.0,0,-0.05126904677733343
24.38071608543396,0.0,0,0.1734420944169365,0.0,0,-0.05017821599483697
24.41388177871704,0.0,0,0.1734420944169365,0.0,0,-0.05017821599483697
24.447359800338745,0.0,0,0.17453292519943295,0.0,0,-0.04908738521234052
24.479796171188354,0.0,0,0.17453292519943295,0.0,0,-0.04799655442984406
24.51299476623535,0.0,0,0.1734420944169365,0.0,0,-0.0469057236473476
24.545564889907837,0.0,0,0.17453292519943295,0.0,0,-0.0469057236473476
24.577449798583984,0.0,0,0.17453292519943295,0.0,0,-0.04581489286485115
24.609872102737427,0.0,0,0.17453292519943295,0.0,0,-0.04581489286485115
24.64225697517395,0.0,0,0.1756237559819294,0.0,0,-0.04472406208235469
24.67459511756897,0.0,0,0.1734420944169365,0.0,0,-0.04472406208235469
24.707898378372192,0.0,0,0.17453292519943295,0.0,0,-0.04363323129985824
24.740960121154785,0.0,0,0.1756237559819294,0.0,0,-0.04363323129985824
24.773816108703613,0.0,0,0.1734420944169365,0.0,0,-0.04363323129985824
24.80741262435913,0.0,0,0.1734420944169365,0.0,0,-0.04363323129985824
24.839781999588013,0.0,0,0.1756237559819294,0.0,0,-0.04254240051736178
24.872132301330566,0.0,0,0.17453292519943295,0.0,0,-0.04254240051736178
24.904820442199707,0.0,0,0.1734420944169365,0.0,0,-0.04254240051736178
24.937766313552856,0.0,0,0.1756237559819294,0.0,0,-0.04254240051736178
24.970844268798828,0.0,0,0.17453292519943295,0.0,0,-0.04145156973486532
25.010201454162598,0.0,0,0.1734420944169365,0.0,0,-0.04145156973486532
25.05162000656128,0.0,0,0.17453292519943295,0.0,0,-0.04145156973486532
25.083993434906006,0.0,0,0.17453292519943295,0.0,0,-0.04145156973486532
25.117026329040527,0.0,0,0.1756237559819294,0.0,0,-0.04145156973486532
25.150415182113647,0.0,0,0.1756237559819294,0.0,0,-0.04036073895236887
25.182878017425537,0.0,0,0.1778054175469223,0.0,0,-0.04036073895236887
25.216225385665894,0.0,0,0.17453292519943295,0.0,0,-0.04036073895236887
25.249340057373047,0.0,0,0.1778054175469223,0.0,0,-0.04036073895236887
25.281903505325317,0.0,0,0.1778054175469223,0.0,0,-0.04036073895236887
25.31551241874695,0.0,0,0.17453292519943295,0.0,0,-0.04036073895236887
25.348604440689087,0.0,0,0.17671458676442586,0.0,0,-0.04145156973486532
25.381872415542603,0.0,0,0.17889624832941875,0.0,0,-0.04036073895236887
25.415467500686646,0.0,0,0.17453292519943295,0.0,0,-0.04036073895236887
25.448832273483276,0.0,0,0.17671458676442586,0.0,0,-0.04036073895236887
25.481911659240723,0.0,0,0.17671458676442586,0.0,0,-0.04036073895236887
25.515527963638306,0.0,0,0.17453292519943295,0.0,0,-0.04036073895236887
25.548749208450317,0.0,0,0.17235126363444003,0.0,0,-0.05235987755982988
25.58146381378174,0.0,0,0.17235126363444003,0.0,0,-0.07744898555724837
25.614914417266846,0.0,0,0.1778054175469223,0.0,0,-0.12108221685710661
25.64801526069641,0.0,0,0.1734420944169365,0.0,0,-0.14944381720201447
25.681256532669067,0.0,0,0.17016960206944712,0.0,0,-0.20180369476184434
25.714325189590454,0.0,0,0.1581704634619861,0.0,0,-0.1974403716318585
25.748358249664307,0.0,0,0.15162547876700738,0.0,0,-0.2028945255443408
25.781947135925293,0.0,0,0.15489797111449674,0.0,0,-0.20398535632683729
25.815282344818115,0.0,0,0.15380714033200027,0.0,0,-0.19634954084936207
25.84894037246704,0.0,0,0.15926129424448257,0.0,0,-0.19525871006686563
25.88347887992859,0.0,0,0.1581704634619861,0.0,0,-0.1974403716318585
25.916606664657593,0.0,0,0.15707963267948966,0.0,0,-0.20180369476184434
25.950528144836426,0.0,0,0.1559888018969932,0.0,0,-0.2083486794568231
25.98387861251831,0.0,0,0.1559888018969932,0.0,0,-0.21380283336930536
26.017088651657104,0.0,0,0.15380714033200027,0.0,0,-0.21925698728178766
26.049933433532715,0.0,0,0.15271630954950383,0.0,0,-0.21925698728178766
26.0823392868042,0.0,0,0.15271630954950383,0.0,0,-0.2203478180642841
26.115373134613037,0.0,0,0.15162547876700738,0.0,0,-0.22143864884678055
26.1481192111969,0.0,0,0.15489797111449674,0.0,0,-0.2181661564992912
26.18101668357849,0.0,0,0.15707963267948966,0.0,0,-0.2083486794568231
26.214823007583618,0.0,0,0.17016960206944712,0.0,0,-0.16798794050445423
26.24925661087036,0.0,0,0.17998707911191522,0.0,0,-0.08290313946973064
26.282562017440796,0.0,0,0.15926129424448257,0.0,0,-0.062177354602297986
26.316250324249268,0.0,0,0.16907877128695067,0.0,0,-0.05781403147231216
26.350361347198486,0.0,0,0.17126043285194356,0.0,0,-0.05563236990731925
26.38383460044861,0.0,0,0.16907877128695067,0.0,0,-0.0545415391248228
26.41650366783142,0.0,0,0.17235126363444003,0.0,0,-0.05235987755982988
26.449591875076294,0.0,0,0.16907877128695067,0.0,0,-0.05126904677733343
26.482585668563843,0.0,0,0.16907877128695067,0.0,0,-0.05126904677733343
26.51535964012146,0.0,0,0.17016960206944712,0.0,0,-0.05017821599483697
26.548701524734497,0.0,0,0.16907877128695067,0.0,0,-0.04908738521234052
26.58221697807312,0.0,0,0.16907877128695067,0.0,0,-0.04908738521234052
26.615347385406494,0.0,0,0.16907877128695067,0.0,0,-0.0469057236473476
26.64944314956665,0.0,0,0.16798794050445423,0.0,0,-0.04472406208235469
26.68315315246582,0.0,0,0.16798794050445423,0.0,0,-0.04363323129985824
26.717162609100342,0.0,0,0.16907877128695067,0.0,0,-0.04581489286485115
26.750669240951538,0.0,0,0.16798794050445423,0.0,0,-0.04581489286485115
26.783833265304565,0.0,0,0.16907877128695067,0.0,0,-0.04472406208235469
26.817529439926147,0.0,0,0.16907877128695067,0.0,0,-0.04472406208235469
26.850831031799316,0.0,0,0.16907877128695067,0.0,0,-0.04472406208235469
26.8839852809906,0.0,0,0.16907877128695067,0.0,0,-0.04472406208235469
26.91686248779297,0.0,0,0.16907877128695067,0.0,0,-0.04472406208235469
26.950377941131592,0.0,0,0.16798794050445423,0.0,0,-0.04472406208235469
26.98371720314026,0.0,0,0.17016960206944712,0.0,0,-0.04363323129985824
27.01863193511963,0.0,0,0.17016960206944712,0.0,0,-0.04363323129985824
27.052902221679688,0.0,0,0.17016960206944712,0.0,0,-0.04363323129985824
27.086092710494995,0.0,0,0.17126043285194356,0.0,0,-0.04363323129985824
27.11995577812195,0.0,0,0.17016960206944712,0.0,0,-0.04036073895236887
27.153530597686768,0.0,0,0.17126043285194356,0.0,0,-0.039269908169872414
27.188022136688232,0.0,0,0.17126043285194356,0.0,0,-0.039269908169872414
27.22117304801941,0.0,0,0.17126043285194356,0.0,0,-0.039269908169872414
27.254306077957153,0.0,0,0.17126043285194356,0.0,0,-0.039269908169872414
27.287513732910156,0.0,0,0.17126043285194356,0.0,0,-0.039269908169872414
27.32012104988098,0.0,0,0.17016960206944712,0.0,0,-0.04036073895236887
27.353780508041382,0.0,0,0.16907877128695067,0.0,0,-0.04472406208235469
27.387052059173584,0.0,0,0.16689710972195776,0.0,0,-0.04908738521234052
27.419514417648315,0.0,0,0.16689710972195776,0.0,0,-0.06872233929727672
27.452589511871338,0.0,0,0.16689710972195776,0.0,0,-0.10362892433716332
27.486971855163574,0.0,0,0.16798794050445423,0.0,0,-0.11999138607461016
27.52020239830017,0.0,0,0.16798794050445423,0.0,0,-0.1308996938995747
27.55466365814209,0.0,0,0.16689710972195776,0.0,0,-0.13853550937704992
27.58875584602356,0.0,0,0.1636246173744684,0.0,0,-0.14944381720201447
27.622732877731323,0.0,0,0.16035212502697904,0.0,0,-0.17126043285194356
27.658159494400024,0.0,0,0.1581704634619861,0.0,0,-0.1810779098944117
27.692187309265137,0.0,0,0.15707963267948966,0.0,0,-0.1810779098944117
27.726332902908325,0.0,0,0.15489797111449674,0.0,0,-0.19089538693687977
27.76049542427063,0.0,0,0.1505346479845109,0.0,0,-0.20507618710933373
27.794092178344727,0.0,0,0.15162547876700738,0.0,0,-0.20180369476184434
27.82711696624756,0.0,0,0.15489797111449674,0.0,0,-0.19198621771937624
27.860004425048828,0.0,0,0.15926129424448257,0.0,0,-0.1778054175469223
27.893454790115356,0.0,0,0.17016960206944712,0.0,0,-0.14289883250703575
27.92725706100464,0.0,0,0.1778054175469223,0.0,0,-0.09490227807719166
27.9610276222229,0.0,0,0.17235126363444003,0.0,0,-0.06654067773228381
27.994911432266235,0.0,0,0.17126043285194356,0.0,0,-0.05672320068981571
28.029197931289673,0.0,0,0.16689710972195776,0.0,0,-0.04472406208235469
28.06302499771118,0.0,0,0.1658062789394613,0.0,0,-0.04145156973486532
28.096317291259766,0.0,0,0.16798794050445423,0.0,0,-0.03599741582238305
28.129629373550415,0.0,0,0.1734420944169365,0.0,0,-0.04145156973486532
28.162898063659668,0.0,0,0.1756237559819294,0.0,0,-0.04145156973486532
28.19635272026062,0.0,0,0.17235126363444003,0.0,0,-0.04145156973486532
28.229917526245117,0.0,0,0.17235126363444003,0.0,0,-0.04145156973486532
28.26401400566101,0.0,0,0.1734420944169365,0.0,0,-0.04036073895236887
28.296739101409912,0.0,0,0.17453292519943295,0.0,0,-0.04036073895236887
28.329653024673462,0.0,0,0.1734420944169365,0.0,0,-0.04036073895236887
28.36313796043396,0.0,0,0.1636246173744684,0.0,0,-0.01090830782496456
28.39621925354004,0.0,0,0.16035212502697904,0.0,0,0.007635815477475192
28.429569959640503,0.0,0,0.16144295580947549,0.0,0,0.028361600344907856
28.46306037902832,0.0,0,0.1636246173744684,0.0,0,0.0545415391248228
28.496273040771484,0.0,0,0.1581704634619861,0.0,0,0.08508480103472356
28.52940845489502,0.0,0,0.1559888018969932,0.0,0,0.10362892433716332
28.56269645690918,0.0,0,0.15380714033200027,0.0,0,0.12108221685710661
28.596785068511963,0.0,0,0.14944381720201447,0.0,0,0.14944381720201447
28.630059719085693,0.0,0,0.14617132485452508,0.0,0,0.16471544815696484
28.663260221481323,0.0,0,0.14289883250703575,0.0,0,0.17889624832941875
28.696674346923828,0.0,0,0.13744467859455345,0.0,0,0.19853120241435498
28.72969341278076,0.0,0,0.1341721862470641,0.0,0,0.2083486794568231
28.7623507976532,0.0,0,0.1341721862470641,0.0,0,0.21162117180431245
28.801746606826782,0.0,0,0.13199052468207118,0.0,0,0.22143864884678055
28.843722820281982,0.0,0,0.12544553998709243,0.0,0,0.23125612588924865
28.88533329963684,0.0,0,0.12108221685710661,0.0,0,0.24216443371421323
28.92677354812622,0.0,0,0.11562806294462433,0.0,0,0.26070855701665296
28.96860408782959,0.0,0,0.1112647398146385,0.0,0,0.27052603405912107
29.010480403900146,0.0,0,0.10799224746714915,0.0,0,0.27379852640661045
29.05163264274597,0.0,0,0.10581058590215622,0.0,0,0.28034351110158917
29.09207534790039,0.0,0,0.10253809355466686,0.0,0,0.2901609881440573
29.12178373336792,0.0,0,0.09817477042468103,0.0,0,0.2999784651865254
29.15604567527771,0.0,0,0.0938114472946952,0.0,0,0.30325095753401476
29.185385942459106,0.0,0,0.0916297857297023,0.0,0,0.29888763440402893
29.214295148849487,0.0,0,0.08835729338221293,0.0,0,0.28361600344907856
29.244067192077637,0.0,0,0.08617563181722002,0.0,0,0.26398104936414235
29.274004459381104,0.0,0,0.08726646259971647,0.0,0,0.2247111411942699
29.30385112762451,0.0,0,0.09599310885968812,0.0,0,0.1810779098944117
29.332688331604004,0.0,0,0.1112647398146385,0.0,0,0.13635384781205698
29.361621379852295,0.0,0,0.1287180323345818,0.0,0,0.0818123086872342
29.39089822769165,0.0,0,0.14726215563702155,0.0,0,0.04908738521234052
29.420939683914185,0.0,0,0.1581704634619861,0.0,0,0.019634954084936207
29.450261116027832,0.0,0,0.15707963267948966,0.0,0,0.025089107997418484
29.47945809364319,0.0,0,0.15926129424448257,0.0,0,0.0272707695624114
29.5084969997406,0.0,0,0.16035212502697904,0.0,0,0.025089107997418484
29.538008451461792,0.0,0,0.16035212502697904,0.0,0,0.02399827721492203
29.568892002105713,0.0,0,0.16035212502697904,0.0,0,0.022907446432425576
29.598639726638794,0.0,0,0.16144295580947549,0.0,0,0.02181661564992912
29.628991842269897,0.0,0,0.15926129424448257,0.0,0,0.02181661564992912
29.65921640396118,0.0,0,0.16035212502697904,0.0,0,0.02072578486743266
29.68919324874878,0.0,0,0.16035212502697904,0.0,0,0.019634954084936207
29.719602584838867,0.0,0,0.1778054175469223,0.0,0,0.011999138607461015
29.74929976463318,0.0,0,0.18980455615438332,0.0,0,0.008726646259971648
29.77950644493103,0.0,0,0.19198621771937624,0.0,0,0.017453292519943295
29.810375452041626,0.0,0,0.19089538693687977,0.0,0,0.025089107997418484
29.841108560562134,0.0,0,0.19198621771937624,0.0,0,0.02617993877991494
29.870686054229736,0.0,0,0.18653206380689397,0.0,0,0.02399827721492203
29.900434255599976,0.0,0,0.17889624832941875,0.0,0,0.01308996938995747
29.93068289756775,0.0,0,0.1581704634619861,0.0,0,0.032724923474893676
29.96187138557434,0.0,0,0.14508049407202864,0.0,0,0.05890486225480862
29.992156982421875,0.0,0,0.13744467859455345,0.0,0,0.06763150851478027
30.022603750228882,0.0,0,0.1308996938995747,0.0,0,0.07308566242726254
30.052891969680786,0.0,0,0.1265363707695889,0.0,0,0.07635815477475191
30.082496404647827,0.0,0,0.12544553998709243,0.0,0,0.07744898555724837
30.112568855285645,0.0,0,0.12326387842209952,0.0,0,0.07526732399225546
30.143349647521973,0.0,0,0.12217304763960307,0.0,0,0.07308566242726254
30.173713445663452,0.0,0,0.12326387842209952,0.0,0,0.07308566242726254
30.20999836921692,0.0,0,0.12544553998709243,0.0,0,0.07526732399225546
30.24142289161682,0.0,0,0.12762720155208535,0.0,0,0.07744898555724837
30.27044153213501,0.0,0,0.1265363707695889,0.0,0,0.07963064712224129
30.29976987838745,0.0,0,0.12544553998709243,0.0,0,0.08617563181722002
30.32931351661682,0.0,0,0.12435470920459597,0.0,0,0.08726646259971647
30.359595775604248,0.0,0,0.12435470920459597,0.0,0,0.0818123086872342
30.389859914779663,0.0,0,0.11999138607461016,0.0,0,0.07853981633974483
30.42026424407959,0.0,0,0.11453723216212788,0.0,0,0.07417649320975901
30.449705362319946,0.0,0,0.11235557059713495,0.0,0,0.06981317007977318
30.47986650466919,0.0,0,0.1112647398146385,0.0,0,0.06326818538479445
30.509904146194458,0.0,0,0.11235557059713495,0.0,0,0.061086523819801536
30.54017424583435,0.0,0,0.1112647398146385,0.0,0,0.05999569303730508
30.57085657119751,0.0,0,0.1090830782496456,0.0,0,0.061086523819801536
30.600799798965454,0.0,0,0.10362892433716332,0.0,0,0.062177354602297986
30.63039207458496,0.0,0,0.10035643198967394,0.0,0,0.062177354602297986
30.659833908081055,0.0,0,0.0938114472946952,0.0,0,0.05999569303730508
30.69001078605652,0.0,0,0.08399397025222712,0.0,0,0.05781403147231216
30.720393896102905,0.0,0,0.07635815477475191,0.0,0,0.05345070834232634
30.750630617141724,0.0,0,0.06872233929727672,0.0,0,0.04908738521234052
30.781092405319214,0.0,0,0.05890486225480862,0.0,0,0.04581489286485115
30.810927629470825,0.0,0,0.04799655442984406,0.0,0,0.04254240051736178
30.840394973754883,0.0,0,0.038179077387375956,0.0,0,0.038179077387375956
30.870803833007812,0.0,0,0.032724923474893676,0.0,0,0.03490658503988659
30.900472402572632,0.0,0,0.02399827721492203,0.0,0,0.03381575425739013
30.929868459701538,0.0,0,0.015271630954950384,0.0,0,0.032724923474893676
30.959577322006226,0.0,0,0.004363323129985824,0.0,0,0.032724923474893676
30.989048719406128,0.0,0,-0.004363323129985824,0.0,0,0.03381575425739013
31.019795417785645,0.0,0,-0.014180800172453928,0.0,0,0.02945243112740431
31.050431489944458,0.0,0,-0.02181661564992912,0.0,0,0.0272707695624114
31.081136226654053,0.0,0,-0.02617993877991494,0.0,0,0.02617993877991494
31.112306594848633,0.0,0,-0.039269908169872414,0.0,0,0.028361600344907856
31.142687559127808,0.0,0,-0.05345070834232634,0.0,0,0.02945243112740431
31.172716856002808,0.0,0,-0.05781403147231216,0.0,0,0.0272707695624114
31.20255756378174,0.0,0,-0.05563236990731925,0.0,0,0.02399827721492203
31.232415914535522,0.0,0,-0.05235987755982988,0.0,0,0.02181661564992912
31.262370586395264,0.0,0,-0.05235987755982988,0.0,0,0.02181661564992912
31.292373657226562,0.0,0,-0.05345070834232634,0.0,0,0.022907446432425576
31.32226586341858,0.0,0,-0.05672320068981571,0.0,0,0.022907446432425576
31.351869583129883,0.0,0,-0.06326818538479445,0.0,0,0.022907446432425576
31.382368803024292,0.0,0,-0.06326818538479445,0.0,0,0.019634954084936207
31.412832260131836,0.0,0,-0.05999569303730508,0.0,0,0.019634954084936207
31.442482471466064,0.0,0,-0.06654067773228381,0.0,0,0.02617993877991494
31.472249507904053,0.0,0,-0.0719948316447661,0.0,0,0.028361600344907856
31.50153422355652,0.0,0,-0.08508480103472356,0.0,0,0.02945243112740431
31.531547784805298,0.0,0,-0.08835729338221293,0.0,0,0.030543261909900768
31.561153411865234,0.0,0,-0.08944812416470937,0.0,0,0.02617993877991494
31.591148376464844,0.0,0,-0.08726646259971647,0.0,0,0.02399827721492203
31.62128496170044,0.0,0,-0.08835729338221293,0.0,0,0.02399827721492203
31.651716470718384,0.0,0,-0.08835729338221293,0.0,0,0.02399827721492203
31.681807041168213,0.0,0,-0.08726646259971647,0.0,0,0.02399827721492203
31.712236642837524,0.0,0,-0.08835729338221293,0.0,0,0.025089107997418484
31.742928504943848,0.0,0,-0.08835729338221293,0.0,0,0.025089107997418484
31.773515939712524,0.0,0,-0.08835729338221293,0.0,0,0.025089107997418484
31.80461573600769,0.0,0,-0.08726646259971647,0.0,0,0.02399827721492203
31.83505368232727,0.0,0,-0.08399397025222712,0.0,0,0.025089107997418484
31.86445164680481,0.0,0,-0.0818123086872342,0.0,0,0.02617993877991494
31.89464545249939,0.0,0,-0.08072147790473774,0.0,0,0.02617993877991494
31.92563486099243,0.0,0,-0.07963064712224129,0.0,0,0.02617993877991494
31.955301761627197,0.0,0,-0.07853981633974483,0.0,0,0.02617993877991494
31.9844331741333,0.0,0,-0.07526732399225546,0.0,0,0.0272707695624114
32.013671875,0.0,0,-0.07417649320975901,0.0,0,0.02617993877991494
32.04257035255432,0.0,0,-0.07417649320975901,0.0,0,0.02617993877991494
32.07225298881531,0.0,0,-0.07417649320975901,0.0,0,0.02617993877991494
32.10317921638489,0.0,0,-0.07308566242726254,0.0,0,0.0272707695624114
32.1339807510376,0.0,0,-0.07417649320975901,0.0,0,0.0272707695624114
32.164443492889404,0.0,0,-0.07417649320975901,0.0,0,0.02945243112740431
32.19528341293335,0.0,0,-0.07417649320975901,0.0,0,0.02945243112740431
32.22671961784363,0.0,0,-0.0719948316447661,0.0,0,0.028361600344907856
32.25987434387207,0.0,0,-0.06981317007977318,0.0,0,0.02945243112740431
32.294382095336914,0.0,0,-0.07090400086226964,0.0,0,0.02945243112740431
32.32995104789734,0.0,0,-0.06981317007977318,0.0,0,0.030543261909900768
32.366493701934814,0.0,0,-0.06654067773228381,0.0,0,0.031634092692397225
32.403181314468384,0.0,0,-0.061086523819801536,0.0,0,0.031634092692397225
32.43967890739441,0.0,0,-0.0469057236473476,0.0,0,0.031634092692397225
32.47818970680237,0.0,0,-0.04036073895236887,0.0,0,0.032724923474893676
32.51595187187195,0.0,0,-0.02617993877991494,0.0,0,0.03490658503988659
32.554909229278564,0.0,0,-0.02181661564992912,0.0,0,0.037088246604879506
32.59322643280029,0.0,0,-0.017453292519943295,0.0,0,0.03599741582238305
32.64122915267944,0.0,0,-0.009817477042468103,0.0,0,0.03599741582238305
32.68808722496033,0.0,0,-0.009817477042468103,0.0,0,0.037088246604879506
32.73553681373596,0.0,0,-0.006544984694978735,0.0,0,0.037088246604879506
32.782100200653076,0.0,0,0.001090830782496456,0.0,0,0.03490658503988659
32.830302238464355,0.0,0,0.002181661564992912,0.0,0,0.03381575425739013
32.87696313858032,0.0,0,0.004363323129985824,0.0,0,0.03381575425739013
32.9248161315918,0.0,0,0.00545415391248228,0.0,0,0.03381575425739013
32.97163152694702,0.0,0,0.007635815477475192,0.0,0,0.03490658503988659
33.01937222480774,0.0,0,0.009817477042468103,0.0,0,0.03381575425739013
33.066269636154175,0.0,0,0.01090830782496456,0.0,0,0.03381575425739013
33.11396408081055,0.0,0,0.01090830782496456,0.0,0,0.03381575425739013
33.16050696372986,0.0,0,0.011999138607461015,0.0,0,0.03381575425739013
33.20841121673584,0.0,0,0.01308996938995747,0.0,0,0.03381575425739013
33.255932092666626,0.0,0,0.014180800172453928,0.0,0,0.032724923474893676
33.30299782752991,0.0,0,0.015271630954950384,0.0,0,0.032724923474893676
33.35157775878906,0.0,0,0.015271630954950384,0.0,0,0.032724923474893676
33.401122093200684,0.0,0,0.014180800172453928,0.0,0,0.032724923474893676
33.44818663597107,0.0,0,0.014180800172453928,0.0,0,0.032724923474893676
33.49537467956543,0.0,0,0.014180800172453928,0.0,0,0.032724923474893676
33.542524099349976,0.0,0,0.014180800172453928,0.0,0,0.032724923474893676
33.59015440940857,0.0,0,0.02399827721492203,0.0,0,0.028361600344907856
33.63653588294983,0.0,0,0.05345070834232634,0.0,0,0.028361600344907856
33.68429160118103,0.0,0,0.09272061651219876,0.0,0,0.019634954084936207
33.731210470199585,0.0,0,0.15380714033200027,0.0,0,0.011999138607461015
33.77815532684326,0.0,0,0.19198621771937624,0.0,0,0.016362461737446838
33.82519769668579,0.0,0,0.21380283336930536,0.0,0,0.019634954084936207
33.872517585754395,0.0,0,0.2247111411942699,0.0,0,0.02399827721492203
33.919472455978394,0.0,0,0.23343778745424157,0.0,0,0.02617993877991494
33.96322464942932,0.0,0,0.23889194136672387,0.0,0,0.02399827721492203
33.999879598617554,0.0,0,0.23671027980173093,0.0,0,0.02399827721492203
34.036497592926025,0.0,0,0.2399827721492203,0.0,0,0.022907446432425576
34.07258749008179,0.0,0,0.24107360293171679,0.0,0,0.02181661564992912
34.108919858932495,0.0,0,0.24325526449670967,0.0,0,0.022907446432425576
34.14685845375061,0.0,0,0.23780111058422737,0.0,0,0.022907446432425576
34.184598445892334,0.0,0,0.22689280275926285,0.0,0,0.019634954084936207
34.220860958099365,0.0,0,0.1832595714594046,0.0,0,0.006544984694978735
34.25707221031189,0.0,0,0.13962634015954636,0.0,0,0.002181661564992912
34.294565200805664,0.0,0,0.11017390903214205,0.0,0,0.004363323129985824
34.332053422927856,0.0,0,0.05563236990731925,0.0,0,0.002181661564992912
34.37010073661804,0.0,0,0.031634092692397225,0.0,0,-0.001090830782496456
34.40706467628479,0.0,0,0.025089107997418484,0.0,0,-0.0032724923474893677
34.444700956344604,0.0,0,0.025089107997418484,0.0,0,-0.004363323129985824
34.48160696029663,0.0,0,0.0272707695624114,0.0,0,-0.0032724923474893677
34.518059968948364,0.0,0,0.028361600344907856,0.0,0,0.0
34.55554461479187,0.0,0,0.028361600344907856,0.0,0,0.0
34.59221053123474,0.0,0,0.031634092692397225,0.0,0,0.0
34.628923416137695,0.0,0,0.03599741582238305,0.0,0,0.0
34.66623139381409,0.0,0,0.03490658503988659,0.0,0,0.0
34.702247619628906,0.0,0,0.038179077387375956,0.0,0,0.008726646259971648
34.739723443984985,0.0,0,0.04145156973486532,0.0,0,0.017453292519943295
34.77821922302246,0.0,0,0.04472406208235469,0.0,0,0.02072578486743266
34.8162727355957,0.0,0,0.04363323129985824,0.0,0,0.02617993877991494
34.853766441345215,0.0,0,0.05017821599483697,0.0,0,0.03490658503988659
34.89158368110657,0.0,0,0.0545415391248228,0.0,0,0.04908738521234052
34.92949080467224,0.0,0,0.0545415391248228,0.0,0,0.05890486225480862
34.9683837890625,0.0,0,0.05781403147231216,0.0,0,0.07526732399225546
35.00792050361633,0.0,0,0.05781403147231216,0.0,0,0.09272061651219876
35.0472571849823,0.0,0,0.0545415391248228,0.0,0,0.11890055529211369
35.085761070251465,0.0,0,0.05126904677733343,0.0,0,0.14726215563702155
35.12413501739502,0.0,0,0.05345070834232634,0.0,0,0.16253378659197193
35.16247081756592,0.0,0,0.05235987755982988,0.0,0,0.1810779098944117
35.20197868347168,0.0,0,0.05017821599483697,0.0,0,0.1930770485018727
35.24070620536804,0.0,0,0.05345070834232634,0.0,0,0.20507618710933373
35.27987003326416,0.0,0,0.05235987755982988,0.0,0,0.22143864884678055
35.31868028640747,0.0,0,0.05235987755982988,0.0,0,0.23780111058422737
