time,x_input,x_tracking,z_input,z_tracking
3.7377822399139404,0.0,0,0.0,0
3.8491666316986084,0.0,0,0.0,0
3.9320931434631348,0.0,0,0.0,0
4.023297548294067,0.0,0,0.0,0
4.1174235343933105,0.0,0,0.0,0
4.2097485065460205,0.0,0,0.0,0
4.300915002822876,0.0,0,0.0,0
4.391907453536987,0.0,0,0.0,0
4.472563028335571,0.0,0,0.0,0
4.513571500778198,0.0,-0.0,0.0,-3.141592653589793
4.546574831008911,0.0,-0.0,0.0,-3.141592653589793
4.588329553604126,0.0,-0.0,0.0,-3.141592653589793
4.628901481628418,0.0,-0.0,0.0,-3.141592653589793
4.66975474357605,0.0,-0.0,0.0,-3.141592653589793
4.709252834320068,0.0,-0.0,0.0,-3.141592653589793
4.747311592102051,0.0,-0.004601215592056841,0.0,3.1397958772842123
4.786041736602783,0.0,-0.03215111566077094,0.0,3.1147704319460563
4.826679706573486,0.0,-0.04748904185434934,0.0,3.029346374398112
4.866564989089966,0.0,-0.029251426413109752,0.0,3.0955165370853353
4.904716968536377,0.0,-0.02454217339037804,0.0,-3.117892763458539
4.944379568099976,0.0,-0.00020074297742973723,0.0,3.1413919508011277
4.9749321937561035,0.0,-0.018047513993937035,0.0,-3.08306203856088
5.0050835609436035,0.0,-0.022815434396394142,0.0,-3.0818910238318775
5.038233995437622,0.0,-0.014506595053070377,0.0,-3.0880928440322526
5.069859981536865,0.0,-0.0038114469211154604,0.0,-3.0898463478640292
5.1013288497924805,0.0,0.004707332880143767,0.0,-3.0940940727405724
5.133100748062134,0.0,0.010940948595269425,0.0,-3.097252511412164
5.165053367614746,0.0,0.01497046484813341,0.0,-3.113085617420653
5.197054862976074,0.0,0.0212854274989608,0.0,-3.118826325949564
5.243693590164185,0.0,0.020047307195311687,0.0,-3.1271300122749
5.276086091995239,0.0,0.014706779758807787,0.0,3.135565834599807
5.307790994644165,0.0,0.011412989495562182,0.0,3.1274411494983347
5.33916711807251,0.0,0.009331523003932965,0.0,3.1196789798511246
5.3730833530426025,0.0,0.011696898110239088,0.0,3.1174392977395207
5.40529203414917,0.0,0.010501888535102148,0.0,3.1170583728527004
5.437180757522583,0.0,0.011704274353576901,0.0,3.1174425365399734
5.47031044960022,0.0,0.12821071916325222,0.0,-0.22306793967790695
5.5038933753967285,0.0,0.12857006238180171,0.0,-0.2228178279142683
5.536816358566284,0.0,0.12788085455871032,0.0,-0.222553902135608
5.568660736083984,0.0,0.1278749688752481,0.0,-0.22255185673271116
5.60031270980835,0.0,0.12738650041591223,0.0,-0.22215251389035418
5.632375478744507,0.0,0.12727649403036537,0.0,-0.2219812383119928
5.662980556488037,0.0,0.1270020706459955,0.0,-0.22192251100830385
5.699141502380371,0.0,0.1270020706459955,0.0,-0.22192251100830385
5.731407642364502,0.0,0.12686176248026665,0.0,-0.22177618444601288
5.76375675201416,0.0,0.12675174887721172,0.0,-0.22160493265291326
5.796445369720459,0.0,0.126641725630125,0.0,-0.22143369443087169
5.830381870269775,0.0,0.12653169274673637,0.0,-0.22126246976916297
5.877869367599487,0.0,0.14401652881211513,0.0,-0.20907044437742517
5.910518407821655,0.0,0.12631159810197518,0.0,-0.22092006108383844
5.942121505737305,0.0,0.1264760067216334,0.0,-0.2208075153132567
5.974297046661377,0.0,0.12684225604374294,0.0,-0.22129833734692417
6.008042573928833,0.0,0.12700134386300355,0.0,-0.22068478384124202
6.04085373878479,0.0,0.12840847550253384,0.0,-0.22021713876157145
6.075174331665039,0.0,0.12553521497105571,0.0,-0.22343976241286834
6.11004900932312,0.0,0.1281543309213118,0.0,-0.22137518333646078
6.144282341003418,0.0,0.12646510306365877,0.0,-0.22180936998416634
6.177814722061157,0.0,0.12780720393325865,0.0,-0.2218608971087659
6.210547685623169,0.0,0.1268604988565028,0.0,-0.22103739050848858
6.244216203689575,0.0,0.12737320161410978,0.0,-0.22117770547108817
6.277204751968384,0.0,0.12737429728217378,0.0,-0.22191658434966355
6.3097758293151855,0.0,0.12715436685802275,0.0,-0.22157399359561047
6.343165397644043,0.0,0.127098807603105,0.0,-0.22111894650946162
6.376454591751099,0.0,0.12771554178731942,0.0,-0.221428751328697
6.409223318099976,0.0,0.12675174887721172,0.0,-0.22160493265291326
6.441311359405518,0.0,0.14452323429298675,0.0,-0.20995292620404316
6.479354381561279,0.0,0.12706268262132311,0.0,-0.22114180492994784
6.512428045272827,0.0,0.12755110568935146,0.0,-0.22154120729749538
6.546213150024414,0.0,0.12689238988033832,0.0,-0.22125224912989339
6.579765796661377,0.0,0.12700134386300355,0.0,-0.22068478384124202
6.613385438919067,0.0,0.12689238988033832,0.0,-0.22125224912989339
6.646424293518066,0.0,0.12680081362295295,0.0,-0.22082007418579952
6.679799795150757,0.0,0.12680081362295295,0.0,-0.22082007418579952
6.713638067245483,0.0,0.1266363558417622,0.0,-0.22093252792271167
6.7477781772613525,0.0,0.12644075811716965,0.0,-0.22033112034999913
6.779920816421509,0.0,0.12638626204609116,0.0,-0.22061483011458183
6.812118291854858,0.0,0.12644075811716965,0.0,-0.22033112034999913
6.84383487701416,0.0,0.12616634465198093,0.0,-0.2202723415374952
6.875081300735474,0.0,0.12616634465198093,0.0,-0.2202723415374952
6.905869483947754,0.0,0.12605637155741023,0.0,-0.22010111749683414
6.938772201538086,0.0,0.12594638887480364,0.0,-0.21992990694046188
6.972074270248413,0.0,0.12594638887480364,0.0,-0.21992990694046188
7.003314971923828,0.0,0.12594638887480364,0.0,-0.21992990694046188
7.0350141525268555,0.0,0.12594638887480364,0.0,-0.21992990694046188
7.064882755279541,0.0,0.12583639661189241,0.0,-0.21975870985765278
7.10017728805542,0.0,0.12572639477640823,0.0,-0.21958752623768119
7.132781267166138,0.0,0.12572639477640823,0.0,-0.21958752623768119
7.165456771850586,0.0,0.1257322468719413,0.0,-0.21958957244273636
7.197239637374878,0.0,0.12562223241455797,0.0,-0.2194184023251169
7.228082895278931,0.0,0.12562223241455797,0.0,-0.2194184023251169
7.259963512420654,0.0,0.12562223241455797,0.0,-0.2194184023251169
7.292269229888916,0.0,0.12562223241455797,0.0,-0.2194184023251169
7.327457666397095,0.0,0.125512208401436,0.0,-0.2192472456488348
7.3600239753723145,0.0,0.125402174840307,0.0,-0.2190761024031631
7.397400856018066,0.0,0.125402174840307,0.0,-0.2190761024031631
7.43660306930542,0.0,0.125402174840307,0.0,-0.2190761024031631
7.476049184799194,0.0,0.1252921317389028,0.0,-0.21890497257737485
7.5141236782073975,0.0,0.1252921317389028,0.0,-0.21890497257737485
7.551810264587402,0.0,0.1252921317389028,0.0,-0.21890497257737485
7.591330051422119,0.0,0.1252921317389028,0.0,-0.21890497257737485
7.6297101974487305,0.0,0.1252921317389028,0.0,-0.21890497257737485
7.668788194656372,0.0,0.1252921317389028,0.0,-0.21890497257737485
7.706500291824341,0.0,0.1252921317389028,0.0,-0.21890497257737485
7.745413303375244,0.0,0.1252921317389028,0.0,-0.21890497257737485
7.784447193145752,0.0,0.1252921317389028,0.0,-0.21890497257737485
7.822133302688599,0.0,0.1252921317389028,0.0,-0.21890497257737485
7.86036491394043,0.0,0.1252921317389028,0.0,-0.21890497257737485
7.892393112182617,0.0,0.1252921317389028,0.0,-0.21890497257737485
7.924609422683716,0.0,0.1252921317389028,0.0,-0.21890497257737485
7.9565935134887695,0.0,0.1252921317389028,0.0,-0.21890497257737485
7.990620851516724,0.0,0.1252921317389028,0.0,-0.21890497257737485
8.024033069610596,0.0,0.1252921317389028,0.0,-0.21890497257737485
8.058461427688599,0.0,0.1252921317389028,0.0,-0.21890497257737485
8.091368198394775,0.0,0.1252921317389028,0.0,-0.21890497257737485
8.12413501739502,0.0,0.14256285664650933,0.0,-0.2071131976945484
8.156450510025024,0.0,0.1252921317389028,0.0,-0.21890497257737485
8.188291549682617,0.0,0.1252921317389028,0.0,-0.21890497257737485
8.22012186050415,0.0,0.1252921317389028,0.0,-0.21890497257737485
8.25155258178711,0.0,0.1252921317389028,0.0,-0.21890497257737485
8.28388261795044,0.0,0.1252921317389028,0.0,-0.21890497257737485
8.316087007522583,0.0,0.1252921317389028,0.0,-0.21890497257737485
8.348326206207275,0.0,0.1252921317389028,0.0,-0.21890497257737485
8.37963080406189,0.0,0.1252921317389028,0.0,-0.21890497257737485
8.410837173461914,0.0,0.1252921317389028,0.0,-0.21890497257737485
8.441288471221924,0.0,0.1252921317389028,0.0,-0.21890497257737485
8.47191047668457,0.0,0.1252921317389028,0.0,-0.21890497257737485
8.502475261688232,0.0,0.1252921317389028,0.0,-0.21890497257737485
8.533941984176636,0.0,0.1252921317389028,0.0,-0.21890497257737485
8.566209316253662,0.0,0.1252921317389028,0.0,-0.21890497257737485
8.597821950912476,0.0,0.1252921317389028,0.0,-0.21890497257737485
8.62854552268982,0.0,0.1252921317389028,0.0,-0.21890497257737485
8.662227630615234,0.0,0.1252921317389028,0.0,-0.21890497257737485
8.69391393661499,0.0,0.1252921317389028,0.0,-0.21890497257737485
8.725988626480103,0.0,0.1252921317389028,0.0,-0.21890497257737485
8.756545543670654,0.0,0.1252921317389028,0.0,-0.21890497257737485
8.788554430007935,0.0,0.1252921317389028,0.0,-0.21890497257737485
8.823933362960815,0.0,0.1252921317389028,0.0,-0.21890497257737485
8.857354402542114,0.0,0.1252921317389028,0.0,-0.21890497257737485
8.890105485916138,0.0,0.1252921317389028,0.0,-0.21890497257737485
8.922944784164429,0.0,0.1252921317389028,0.0,-0.21890497257737485
8.955078363418579,0.0,0.1252921317389028,0.0,-0.21890497257737485
8.987421751022339,0.0,0.1252921317389028,0.0,-0.21890497257737485
9.020127773284912,0.0,0.1252921317389028,0.0,-0.21890497257737485
9.053595066070557,0.0,0.1252921317389028,0.0,-0.21890497257737485
9.085038900375366,0.0,0.1252921317389028,0.0,-0.21890497257737485
9.116268157958984,0.0,0.1252921317389028,0.0,-0.21890497257737485
9.147286891937256,0.0,0.1252921317389028,0.0,-0.21890497257737485
9.178213119506836,0.0,0.1252921317389028,0.0,-0.21890497257737485
9.209739446640015,0.0,0.1252921317389028,0.0,-0.21890497257737485
9.242006063461304,0.0,0.1252921317389028,0.0,-0.21890497257737485
9.273483037948608,0.0,0.1252921317389028,0.0,-0.21890497257737485
9.303970098495483,0.0,0.1252921317389028,0.0,-0.21890497257737485
9.334455966949463,0.0,0.1252921317389028,0.0,-0.21890497257737485
9.367904424667358,0.0,0.14256285664650933,0.0,-0.2071131976945484
9.399712324142456,0.0,0.1252921317389028,0.0,-0.21890497257737485
9.431550979614258,0.0,0.1252921317389028,0.0,-0.21890497257737485
9.46477484703064,0.0,0.1252921317389028,0.0,-0.21890497257737485
9.495256662368774,0.0,0.1252921317389028,0.0,-0.21890497257737485
9.525401592254639,0.0,0.1252921317389028,0.0,-0.21890497257737485
9.555872917175293,0.0,0.1252921317389028,0.0,-0.21890497257737485
9.58622694015503,0.0,0.1252921317389028,0.0,-0.21890497257737485
9.617035388946533,0.0,0.1252921317389028,0.0,-0.21890497257737485
9.648881435394287,0.0,0.1252921317389028,0.0,-0.21890497257737485
9.679187774658203,0.0,0.1252921317389028,0.0,-0.21890497257737485
9.710436820983887,0.0,0.1252921317389028,0.0,-0.21890497257737485
9.741070985794067,0.0,0.1252921317389028,0.0,-0.21890497257737485
9.77159595489502,0.0,0.1252921317389028,0.0,-0.21890497257737485
9.802048444747925,0.0,0.1252921317389028,0.0,-0.21890497257737485
9.834262132644653,0.0,0.1252921317389028,0.0,-0.21890497257737485
9.868512153625488,0.0,0.1252921317389028,0.0,-0.21890497257737485
9.902484893798828,0.0,0.1252921317389028,0.0,-0.21890497257737485
9.935699224472046,0.0,0.1252921317389028,0.0,-0.21890497257737485
9.968716144561768,0.0,0.1252921317389028,0.0,-0.21890497257737485
10.00068187713623,0.0,0.1252921317389028,0.0,-0.21890497257737485
10.032821416854858,0.0,0.1252921317389028,0.0,-0.21890497257737485
10.067227840423584,0.0,0.1252921317389028,0.0,-0.21890497257737485
10.099783182144165,0.0,0.1252921317389028,0.0,-0.21890497257737485
10.131173610687256,0.0,0.1252921317389028,0.0,-0.21890497257737485
10.163161993026733,0.0,0.1252921317389028,0.0,-0.21890497257737485
10.194152593612671,0.0,0.14256285664650933,0.0,-0.2071131976945484
10.22565484046936,0.0,0.1252921317389028,0.0,-0.21890497257737485
10.257640838623047,0.0,0.1252921317389028,0.0,-0.21890497257737485
10.289679765701294,0.0,0.1252921317389028,0.0,-0.21890497257737485
10.3210129737854,0.0,0.1252921317389028,0.0,-0.21890497257737485
10.352613925933838,0.0,0.14256285664650933,0.0,-0.2071131976945484
10.383965492248535,0.0,0.1252921317389028,0.0,-0.21890497257737485
10.41579008102417,0.0,0.1252921317389028,0.0,-0.21890497257737485
10.447760820388794,0.0,0.1252921317389028,0.0,-0.21890497257737485
10.479728937149048,0.0,0.1252921317389028,0.0,-0.21890497257737485
10.511740922927856,0.0,0.1252921317389028,0.0,-0.21890497257737485
10.542232751846313,0.0,0.1252921317389028,0.0,-0.21890497257737485
10.583733797073364,0.0,0.1252921317389028,0.0,-0.21890497257737485
10.61807894706726,0.0,0.1252921317389028,0.0,-0.21890497257737485
10.653712749481201,0.0,0.1252921317389028,0.0,-0.21890497257737485
10.686954498291016,0.0,0.1252921317389028,0.0,-0.21890497257737485
10.724391460418701,0.0,0.1252921317389028,0.0,-0.21890497257737485
10.756396770477295,0.0,0.1252921317389028,0.0,-0.21890497257737485
10.795857191085815,0.0,0.14256285664650933,0.0,-0.2071131976945484
10.834242582321167,0.0,0.1252921317389028,0.0,-0.21890497257737485
10.869556427001953,0.0,0.1252921317389028,0.0,-0.21890497257737485
10.904351472854614,0.0,0.1252921317389028,0.0,-0.21890497257737485
10.936655759811401,0.0,0.1252921317389028,0.0,-0.21890497257737485
10.969662189483643,0.0,0.1252921317389028,0.0,-0.21890497257737485
11.001994132995605,0.0,0.1252921317389028,0.0,-0.21890497257737485
11.033172369003296,0.0,0.1252921317389028,0.0,-0.21890497257737485
11.064334154129028,0.0,0.1252921317389028,0.0,-0.21890497257737485
11.097393035888672,0.0,0.1252921317389028,0.0,-0.21890497257737485
11.130051851272583,0.0,0.1252921317389028,0.0,-0.21890497257737485
11.16136646270752,0.0,0.1252921317389028,0.0,-0.21890497257737485
11.201154947280884,0.0,0.1252921317389028,0.0,-0.21890497257737485
11.237287759780884,0.0,0.14256285664650933,0.0,-0.2071131976945484
11.269902229309082,0.0,0.1252921317389028,0.0,-0.21890497257737485
11.301640748977661,0.0,0.1252921317389028,0.0,-0.21890497257737485
11.33661675453186,0.0,0.1252921317389028,0.0,-0.21890497257737485
11.370092868804932,0.0,0.1252921317389028,0.0,-0.21890497257737485
11.406789064407349,0.0,0.1252921317389028,0.0,-0.21890497257737485
11.441684484481812,0.0,0.1252921317389028,0.0,-0.21890497257737485
11.476710319519043,0.0,0.1252921317389028,0.0,-0.21890497257737485
11.511163711547852,0.0,0.1252921317389028,0.0,-0.21890497257737485
11.544823408126831,0.0,0.1252921317389028,0.0,-0.21890497257737485
11.579360485076904,0.0,0.1252921317389028,0.0,-0.21890497257737485
11.620229244232178,0.0,0.1252921317389028,0.0,-0.21890497257737485
11.667993545532227,0.0,0.1252921317389028,0.0,-0.21890497257737485
11.702805042266846,0.0,0.14256285664650933,0.0,-0.2071131976945484
11.745020866394043,0.0,0.1252921317389028,0.0,-0.21890497257737485
11.781622171401978,0.0,0.14256285664650933,0.0,-0.2071131976945484
11.817695617675781,0.0,0.1252921317389028,0.0,-0.21890497257737485
11.856427669525146,0.0,0.1252921317389028,0.0,-0.21890497257737485
11.898773908615112,0.0,0.14256285664650933,0.09999999999999999,-0.2071131976945484
11.94156289100647,0.0,0.1252921317389028,0.09999999999999999,-0.21890497257737485
11.982962131500244,0.0,0.1252921317389028,0.09999999999999999,-0.21890497257737485
12.022955894470215,0.0,0.1252921317389028,0.09999999999999999,-0.21890497257737485
12.065451860427856,0.0,0.1252921317389028,0.09999999999999999,-0.21890497257737485
12.10613465309143,0.0,0.1252921317389028,0.09999999999999999,-0.21890497257737485
12.146138906478882,0.0,0.1252921317389028,0.09999999999999999,-0.21890497257737485
12.186407566070557,0.0,0.1252921317389028,0.09999999999999999,-0.21890497257737485
12.226928234100342,0.0,0.1252921317389028,0.09999999999999999,-0.21890497257737485
12.266075372695923,0.0,0.12659865624757186,0.09999999999999999,-0.1961737213917787
12.2977135181427,0.0,0.1338643965256251,0.09999999999999999,-0.1573623952212584
12.329397201538086,0.0,0.11686974144132192,0.09999999999999999,-0.1543113738458315
12.365468978881836,0.0,0.14398668911896673,0.09999999999999999,-0.1342570532163987
12.399151802062988,0.0,0.14415394535609918,0.09999999999999999,-0.13414869123647932
12.431339502334595,0.0,0.14444261856113577,0.09999999999999999,-0.13247487861347107
12.464511632919312,0.0,0.14405154549536178,0.09999999999999999,-0.13151838361614754
12.496887445449829,0.0,0.14447124821221466,0.09999999999999999,-0.1322169056406559
12.529717206954956,0.0,0.14438011237449414,0.09999999999999999,-0.1312930803795922
12.562636375427246,0.0,0.1442690233033778,0.09999999999999999,-0.13112433752975328
12.596342325210571,0.0,0.14438011237449414,0.09999999999999999,-0.1312930803795922
12.628366231918335,0.0,0.1442690233033778,0.19999999999999998,-0.13112433752975328
12.660213232040405,0.0,0.14438011237449414,0.19999999999999998,-0.1312930803795922
12.691745519638062,0.0,0.1444333060021886,0.19999999999999998,-0.13101168356945214
12.722254991531372,0.0,0.14432221121266053,0.19999999999999998,-0.13084294931402507
12.753748655319214,0.0,0.14432221121266053,0.19999999999999998,-0.13084294931402507
12.786419153213501,0.0,0.14432221121266053,0.19999999999999998,-0.13084294931402507
12.821975469589233,0.0,0.14421110848601223,0.19999999999999998,-0.13067422584040234
12.861788988113403,0.0,0.14421110848601223,0.19999999999999998,-0.13067422584040234
12.897743940353394,0.0,0.14421110848601223,0.19999999999999998,-0.13067422584040234
12.930291175842285,0.0,0.1187710335255738,0.19999999999999998,-0.1463975289374715
12.964685678482056,0.0,0.14465620080155717,0.19999999999999998,-0.08419475183815273
12.99758791923523,0.0,0.14802496373967325,0.19999999999999998,-0.07111536239451333
13.03196930885315,0.0,0.1451636281343751,0.19999999999999998,-0.06304055104893047
13.068884372711182,0.0,0.14638179861336187,0.19999999999999998,-0.06191066242027299
13.103594064712524,0.0,0.14694326365756627,0.19999999999999998,-0.06202505816648207
13.137112617492676,0.0,0.14675749309040267,0.19999999999999998,-0.060460051138068405
13.171144962310791,0.0,0.14691777224206054,0.19999999999999998,-0.06059995605701962
13.205917596817017,0.0,0.14629487570781183,0.19999999999999998,-0.06003818733990496
13.243005990982056,0.0,0.14649528576451823,0.19999999999999998,-0.05966580598323645
13.277840375900269,0.0,0.1463828121238023,0.19999999999999998,-0.059499078819953866
13.313778162002563,0.0,0.1463828121238023,0.19999999999999998,-0.059499078819953866
13.348706483840942,0.0,0.1464340572527841,0.19999999999999998,-0.05921850750320834
13.383069038391113,0.0,0.1464340572527841,0.19999999999999998,-0.05921850750320834
13.420659065246582,0.0,0.1464340572527841,0.19999999999999998,-0.05921850750320834
13.455693244934082,0.0,0.09496592367089043,0.19999999999999998,-0.09432438975525459
13.491163730621338,0.0,0.1461853477951302,0.19999999999999998,-0.0588983475579834
13.527276992797852,0.0,0.09485298021045904,0.19999999999999998,-0.09415821798464474
13.561647891998291,0.0,0.14640029145884306,0.19999999999999998,-0.05850390421524354
13.596654653549194,0.0,0.14640029145884306,0.19999999999999998,-0.05850390421524354
13.631279468536377,0.0,0.14628781703823562,0.19999999999999998,-0.0583371903067853
13.66446828842163,0.0,0.14617533648155356,0.19999999999999998,-0.058170484354319374
13.698550701141357,0.0,0.14633904119574045,0.19999999999999998,-0.05805661247182847
13.732588052749634,0.0,0.1462265560072988,0.19999999999999998,-0.05788991233208929
13.766606092453003,0.0,0.14611406469627897,0.19999999999999998,-0.05772322012769804
13.800902605056763,0.0,0.1462777685493643,0.19999999999999998,-0.05760934079548852
13.837150573730469,0.0,0.14616527261526452,0.19999999999999998,-0.05744265438471574
13.871610641479492,0.0,0.14616527261526452,0.19999999999999998,-0.05744265438471574
13.907684087753296,0.0,0.14616527261526452,0.19999999999999998,-0.05744265438471574
13.94178318977356,0.0,0.1462164735456186,0.19999999999999998,-0.057162089093811375
13.976494550704956,0.0,0.1461039668880399,0.19999999999999998,-0.05699541637224703
14.012942790985107,0.0,0.1461039668880399,0.19999999999999998,-0.05699541637224703
14.048675775527954,0.0,0.1461039668880399,0.19999999999999998,-0.05699541637224703
14.085424900054932,0.0,0.14615515621041777,0.19999999999999998,-0.05671485727437009
14.119994163513184,0.0,0.14615515621041777,0.19999999999999998,-0.05671485727437009
14.154508352279663,0.0,0.14615515621041777,0.19999999999999998,-0.05671485727437009
14.189172267913818,0.0,0.14615515621041777,0.19999999999999998,-0.05671485727437009
14.222807884216309,0.0,0.14615515621041777,0.19999999999999998,-0.05671485727437009
14.257782459259033,0.0,0.1460426388515427,0.19999999999999998,-0.05654819820225265
14.293819665908813,0.0,0.1460426388515427,0.19999999999999998,-0.05654819820225265
14.32887053489685,0.0,0.1460426388515427,0.19999999999999998,-0.05654819820225265
14.363414525985718,0.0,0.1460426388515427,0.19999999999999998,-0.05654819820225265
14.400773525238037,0.0,0.1460426388515427,0.19999999999999998,-0.05654819820225265
14.43574047088623,0.0,0.1460938165696868,0.19999999999999998,-0.05626764524472616
14.471827745437622,0.0,0.1460938165696868,0.19999999999999998,-0.05626764524472616
14.508287191390991,0.0,0.1460938165696868,0.19999999999999998,-0.05626764524472616
14.546905517578125,0.0,0.14614498728125314,0.19999999999999998,-0.055987092648381864
14.58540678024292,0.0,0.14614498728125314,0.19999999999999998,-0.055987092648381864
14.620718479156494,0.0,0.14614498728125314,0.19999999999999998,-0.055987092648381864
14.658546686172485,0.0,0.14614498728125314,0.19999999999999998,-0.055987092648381864
14.696614980697632,0.0,0.14608361375551007,0.19999999999999998,-0.05553990637017536
14.737624883651733,0.0,0.14608361375551007,0.19999999999999998,-0.05553990637017536
14.774070739746094,0.0,0.14608361375551007,0.19999999999999998,-0.05553990637017536
14.810304880142212,0.0,0.14624730765243354,0.19999999999999998,-0.05542598844412483
14.848284244537354,0.0,0.14624730765243354,0.19999999999999998,-0.05542598844412483
14.89133620262146,0.0,0.14613476584209548,0.19999999999999998,-0.05525936013175503
14.927690744400024,0.0,0.14602221797988058,0.19999999999999998,-0.055092739644146516
14.963787078857422,0.0,0.14616240364819638,0.19999999999999998,-0.05499175279066293
14.998945474624634,0.0,0.14616240364819638,0.19999999999999998,-0.05499175279066293
15.03361439704895,0.0,0.09467176599731937,0.19999999999999998,-0.09037896233956078
15.067693948745728,0.0,0.09483624023657437,0.19999999999999998,-0.09026553276934157
15.101861715316772,0.0,0.14604987669395453,0.19999999999999998,-0.05482511770732712
15.13606071472168,0.0,0.14604987669395453,0.19999999999999998,-0.05482511770732712
15.172783613204956,0.0,0.14610101940653084,0.19999999999999998,-0.05454455779256184
15.207226991653442,0.0,0.14598848184439675,0.19999999999999998,-0.054377936181079445
15.242091417312622,0.0,0.14598848184439675,0.19999999999999998,-0.054377936181079445
15.276501893997192,0.0,0.14615215508094856,0.19999999999999998,-0.05426399809856752
15.311067819595337,0.0,0.14615215508094856,0.19999999999999998,-0.05426399809856752
15.344628810882568,0.0,0.14615215508094856,0.09999999999999996,-0.05426399809856752
15.378496408462524,0.0,0.14615215508094856,0.09999999999999996,-0.05426399809856752
15.414603471755981,0.0,0.09482803932636204,0.09999999999999996,-0.08954311973285733
15.450124263763428,0.0,0.14604930849628125,0.09999999999999996,-0.05410638493851261
15.483895063400269,0.0,0.14604930849628125,0.09999999999999996,-0.05410638493851261
15.518837213516235,0.0,0.14604930849628125,0.09999999999999996,-0.05410638493851261
15.554287910461426,0.0,0.14604930849628125,0.09999999999999996,-0.05410638493851261
15.589196920394897,0.0,0.14604930849628125,0.09999999999999996,-0.05410638493851261
15.634637832641602,0.0,0.14604930849628125,0.09999999999999996,-0.05410638493851261
15.671096086502075,0.0,0.14601846993741005,0.09999999999999996,-0.05584235216860467
15.706294298171997,0.0,0.1446463982723231,0.09999999999999996,-0.06980518842488515
15.742820262908936,0.0,0.1444467089345179,0.09999999999999996,-0.08120921908619438
15.780542135238647,0.0,0.1451417647731718,0.09999999999999996,-0.0829562162384394
15.81857705116272,0.0,0.14469367414304182,0.09999999999999996,-0.08228697142214125
15.859715700149536,0.0,0.14469367414304182,0.09999999999999996,-0.08228697142214125
15.902939796447754,0.0,0.14458978659999003,0.09999999999999996,-0.08284830876054272
15.947967767715454,0.0,0.14458257748729048,0.09999999999999996,-0.08284107794097118
15.982277870178223,0.0,0.14458257748729048,0.09999999999999996,-0.08284107794097118
16.017192602157593,0.0,0.09343199743944416,0.09999999999999996,-0.11833684786987098
16.0553240776062,0.0,0.1446946032496006,0.09999999999999996,-0.08300838927807686
16.093981981277466,0.0,0.08586408552931109,-4.163336342344337e-17,-0.12354814155073113
16.133407831192017,0.0,0.09326748395809129,-4.163336342344337e-17,-0.11845010472973216
16.163586854934692,0.0,0.1446946032496006,-4.163336342344337e-17,-0.08300838927807686
16.195130109786987,0.0,0.1446946032496006,-4.163336342344337e-17,-0.08300838927807686
16.22653341293335,0.0,0.1446946032496006,-4.163336342344337e-17,-0.08300838927807686
16.25804328918457,0.0,0.09326748395809129,-4.163336342344337e-17,-0.11845010472973216
16.2901132106781,0.0,0.1446946032496006,-4.163336342344337e-17,-0.08300838927807686
16.320879697799683,0.0,0.14458257748729048,-4.163336342344337e-17,-0.08284107794097118
16.352105855941772,0.0,0.14458257748729048,-4.163336342344337e-17,-0.08284107794097118
16.383087873458862,0.0,0.1435022701361379,-4.163336342344337e-17,-0.0926886903783668
16.41455388069153,0.0,0.1419782607299697,-4.163336342344337e-17,-0.13416448571781814
16.445887565612793,0.0,0.14616858146112674,-4.163336342344337e-17,-0.17032216850806847
16.477449893951416,0.0,0.14832098962337587,-4.163336342344337e-17,-0.1742522843703318
16.508718013763428,0.0,0.1473754729784492,-4.163336342344337e-17,-0.17881261750492428
16.53897190093994,0.0,0.14723333466658353,-4.163336342344337e-17,-0.17793317705571843
16.569517850875854,0.0,0.14765016769799583,-4.163336342344337e-17,-0.17960915074423855
16.60048794746399,0.0,0.14765846214397566,-4.163336342344337e-17,-0.18205575517725814
16.63148045539856,0.0,0.147627780713583,-4.163336342344337e-17,-0.18281508938458924
16.663150548934937,0.0,0.147604140527015,-4.163336342344337e-17,-0.1830746308603941
16.69464683532715,0.0,0.1474395720207257,-4.163336342344337e-17,-0.18318659316072905
16.726104497909546,0.0,0.14738483798677368,-4.163336342344337e-17,-0.18346932800333038
16.759323835372925,0.0,0.14738483798677368,-4.163336342344337e-17,-0.18346932800333038
16.792229652404785,0.0,0.14738483798677368,-4.163336342344337e-17,-0.18346932800333038
16.825438261032104,0.0,0.14749466388997168,-4.163336342344337e-17,-0.18364011161473837
16.85889768600464,0.0,0.14749466388997168,-4.163336342344337e-17,-0.18364011161473837
16.889829635620117,0.0,0.14749466388997168,-4.163336342344337e-17,-0.18364011161473837
16.92225742340088,0.0,0.14749466388997168,-4.163336342344337e-17,-0.18364011161473837
16.954251766204834,0.0,0.1473300993695774,-4.163336342344337e-17,-0.18375207302863794
16.98688840866089,0.0,0.14727535617814433,-4.163336342344337e-17,-0.1840348282586457
17.02066421508789,0.0,0.14727535617814433,-4.163336342344337e-17,-0.1840348282586457
17.053058862686157,0.0,0.14738516890963607,-4.163336342344337e-17,-0.18420563313490845
17.084375619888306,0.0,0.14738516890963607,-4.163336342344337e-17,-0.18420563313490845
17.114811658859253,0.0,0.14738516890963607,-4.163336342344337e-17,-0.18420563313490845
17.148690700531006,0.0,0.14738516890963607,-4.163336342344337e-17,-0.18420563313490845
17.180145263671875,0.0,0.14738516890963607,-4.163336342344337e-17,-0.18420563313490845
17.212607622146606,0.0,0.14738516890963607,-4.163336342344337e-17,-0.18420563313490845
17.24413800239563,0.0,0.14738516890963607,-4.163336342344337e-17,-0.18420563313490845
17.27507472038269,0.0,0.14738516890963607,-4.163336342344337e-17,-0.18420563313490845
17.30662226676941,0.0,0.14738516890963607,-4.163336342344337e-17,-0.18420563313490845
17.33789825439453,0.0,0.14738516890963607,-4.163336342344337e-17,-0.18420563313490845
17.369009494781494,0.0,0.14738516890963607,-4.163336342344337e-17,-0.18420563313490845
17.402164220809937,0.0,0.14727535617814433,-4.163336342344337e-17,-0.1840348282586457
17.43565011024475,0.0,0.14738516890963607,-4.163336342344337e-17,-0.18420563313490845
17.468111276626587,0.0,0.14738516890963607,-4.163336342344337e-17,-0.18420563313490845
17.499824285507202,0.0,0.14738516890963607,-4.163336342344337e-17,-0.18420563313490845
17.531370878219604,0.0,0.14738516890963607,-4.163336342344337e-17,-0.18420563313490845
17.56135845184326,0.0,0.14743991868821113,-4.163336342344337e-17,-0.18392286726809948
17.592886924743652,0.0,0.14727535617814433,-4.163336342344337e-17,-0.1840348282586457
17.62369728088379,0.0,0.14743991868821113,-4.163336342344337e-17,-0.18392286726809948
17.65564274787903,0.0,0.14743991868821113,-4.163336342344337e-17,-0.18392286726809948
17.687663078308105,0.0,0.14727535617814433,-4.163336342344337e-17,-0.1840348282586457
17.71805691719055,0.0,0.14738516890963607,-4.163336342344337e-17,-0.18420563313490845
17.74964928627014,0.0,0.14727535617814433,-4.163336342344337e-17,-0.1840348282586457
17.77989649772644,0.0,0.14727535617814433,-4.163336342344337e-17,-0.1840348282586457
17.81174635887146,0.0,0.14727535617814433,-4.163336342344337e-17,-0.1840348282586457
17.841912984848022,0.0,0.1473300993695774,-4.163336342344337e-17,-0.18375207302863794
17.873835563659668,0.0,0.14749466388997168,-4.163336342344337e-17,-0.18364011161473837
17.906001806259155,0.0,0.14749466388997168,-4.163336342344337e-17,-0.18364011161473837
17.93767523765564,0.0,0.14749466388997168,-4.163336342344337e-17,-0.18364011161473837
17.974683046340942,0.0,0.14738483798677368,-4.163336342344337e-17,-0.18346932800333038
18.011967420578003,0.0,0.14738483798677368,-4.163336342344337e-17,-0.18346932800333038
18.045127868652344,0.09999999999999999,0.14738483798677368,-4.1633363423443376e-17,-0.18346932800333038
18.080758571624756,0.09999999999999999,0.14738483798677368,-4.1633363423443376e-17,-0.18346932800333038
18.114126205444336,0.09999999999999999,0.14749466388997168,-4.1633363423443376e-17,-0.18364011161473837
18.14687466621399,0.09999999999999999,0.14749466388997168,-4.1633363423443376e-17,-0.18364011161473837
18.18107509613037,0.09999999999999999,0.14749466388997168,-4.1633363423443376e-17,-0.18364011161473837
18.21711564064026,0.09999999999999999,0.14749466388997168,-4.1633363423443376e-17,-0.18364011161473837
18.25772714614868,0.09999999999999999,0.14738483798677368,-4.1633363423443376e-17,-0.18346932800333038
18.296106100082397,0.09999999999999999,0.14738483798677368,-4.1633363423443376e-17,-0.18346932800333038
18.33039355278015,0.09999999999999999,0.14738483798677368,-4.1633363423443376e-17,-0.18346932800333038
18.36066484451294,0.09999999999999999,0.1486790941084924,-4.1633363423443376e-17,-0.18430406706260483
18.39206075668335,0.09999999999999999,0.17177930422951634,-4.1633363423443376e-17,-0.1897040582253835
18.423978090286255,0.09999999999999999,0.18565936866968277,-4.1633363423443376e-17,-0.20068619034317603
18.456154108047485,0.09999999999999999,0.19055971131724528,-4.1633363423443376e-17,-0.20601700710337534
18.48864221572876,0.09999999999999999,0.19262420215173343,-4.1633363423443376e-17,-0.2085875418839116
18.52103281021118,0.09999999999999999,0.19348182139543918,-4.1633363423443376e-17,-0.21195042393552432
18.55193853378296,0.09999999999999999,0.1953892230752981,-4.1633363423443376e-17,-0.21559952362381418
18.5830717086792,0.09999999999999999,0.1950984389842996,-4.1633363423443376e-17,-0.2153200656360812
18.61740756034851,0.09999999999999999,0.1955352956504534,-4.1633363423443376e-17,-0.21574118983361412
18.64946937561035,0.09999999999999999,0.1953709099274846,-4.1633363423443376e-17,-0.21585222592878184
18.681296825408936,0.09999999999999999,0.19509718288905953,-4.1633363423443376e-17,-0.21531612226703079
18.713521718978882,0.09999999999999999,0.19547864158249717,-4.1633363423443376e-17,-0.21602634840081203
18.744861841201782,0.09999999999999999,0.19518647413524104,-4.1633363423443376e-17,-0.21574296228960055
18.775826692581177,0.19999999999999998,0.19582702416578224,-4.163336342344338e-17,-0.2155556118651747
18.81013035774231,0.19999999999999998,0.19558759200183712,-4.163336342344338e-17,-0.2162044102113585
18.84356951713562,0.19999999999999998,0.1954426993209287,-4.163336342344338e-17,-0.21606665482882859
18.877960205078125,0.19999999999999998,0.19545981312322122,-4.163336342344338e-17,-0.21581005791859997
18.910421133041382,0.19999999999999998,0.1948405044210776,-4.163336342344338e-17,-0.2162215816276145
18.94271492958069,0.19999999999999998,-2.9863048288540062e-05,-4.163336342344338e-17,2.9821340133739938e-05
18.979180335998535,0.19999999999999998,0.19511263489882086,-4.163336342344338e-17,-0.21628471812269412
19.022008895874023,0.19999999999999998,0.19467607826853137,-4.163336342344338e-17,-0.21633258190570048
19.0652015209198,0.19999999999999998,0.19492694305515834,-4.163336342344338e-17,-0.216171493388007
19.109346389770508,0.19999999999999998,0.2112757111409315,-4.163336342344338e-17,-0.21142425839808165
19.152888536453247,0.19999999999999998,0.23713481794217192,-4.163336342344338e-17,-0.20250707973630488
19.196692943572998,0.19999999999999998,-3.17558114912328e-05,-4.163336342344338e-17,3.171388964373634e-05
19.237849235534668,0.19999999999999998,0.24686252573638054,-4.163336342344338e-17,-0.2019417513851569
19.282350301742554,0.19999999999999998,0.2511334936720699,-4.163336342344338e-17,-0.2041269367541485
19.32270383834839,0.19999999999999998,0.2477473002345646,-4.163336342344338e-17,-0.20463780424783362
19.356163501739502,0.19999999999999998,0.24962293356524795,-4.163336342344338e-17,-0.20364480341480196
19.38833475112915,0.19999999999999998,0.2498255148411697,-4.163336342344338e-17,-0.20349390647664434
19.42048668861389,0.19999999999999998,0.2493160723439556,-4.163336342344338e-17,-0.20407297880577868
19.45264220237732,0.19999999999999998,0.25020195181069693,-4.163336342344338e-17,-0.20373553697310642
19.488813877105713,0.19999999999999998,-3.219313527931552e-05,-4.163336342344338e-17,3.215116249899452e-05
19.522545337677002,0.19999999999999998,0.25069978693423284,-4.163336342344338e-17,-0.20417203598595046
19.556192874908447,0.19999999999999998,0.2511334936720699,-4.163336342344338e-17,-0.2041269367541485
19.58924627304077,0.19999999999999998,0.2506423834209918,-4.163336342344338e-17,-0.20445900241657
19.620922327041626,0.19999999999999998,0.2508634940382984,-4.163336342344338e-17,-0.20406134311719493
19.65242862701416,0.19999999999999998,0.25096979435383415,-4.163336342344338e-17,-0.20423762628991504
19.684699296951294,0.19999999999999998,0.25096979435383415,-4.163336342344338e-17,-0.20423762628991504
19.71575951576233,0.19999999999999998,0.25141110870672334,-4.163336342344338e-17,-0.20420187788235022
19.748648166656494,0.19999999999999998,0.2508060909339127,-4.163336342344338e-17,-0.20434831484044258
19.779813766479492,0.19999999999999998,0.25109445032654865,-4.163336342344338e-17,-0.20416731379342634
19.811401844024658,0.19999999999999998,0.25069978693423284,-4.163336342344338e-17,-0.20417203598595046
19.842976331710815,0.19999999999999998,0.2504297546481201,-4.163336342344338e-17,-0.20410647167256135
19.875728130340576,0.19999999999999998,0.2506042909038292,-4.163336342344338e-17,-0.20373984629584863
19.907358169555664,0.19999999999999998,0.2506922140051971,-4.163336342344338e-17,-0.2041627767897798
19.939183950424194,0.19999999999999998,0.25065085318388053,-4.163336342344338e-17,-0.2037088317847271
19.97078561782837,0.19999999999999998,0.25047955720317444,-4.163336342344338e-17,-0.2038102739316474
20.004952907562256,0.19999999999999998,0.25047955720317444,-4.163336342344338e-17,-0.2038102739316474
20.036617517471313,0.19999999999999998,0.25047955720317444,-4.163336342344338e-17,-0.2038102739316474
20.071756601333618,0.19999999999999998,0.19925277456749024,-4.163336342344338e-17,-0.23836436226185143
20.110639333724976,0.19999999999999998,0.25065085318388053,-4.163336342344338e-17,-0.2037088317847271
20.150114059448242,0.19999999999999998,0.2504871387199599,-4.163336342344338e-17,-0.20381953327967528
20.185961484909058,0.19999999999999998,0.25092088699562787,-4.163336342344338e-17,-0.20377438011103655
20.221046924591064,0.19999999999999998,0.2504871387199599,-4.163336342344338e-17,-0.20381953327967528
20.25508427619934,0.19999999999999998,0.25092088699562787,-4.163336342344338e-17,-0.20377438011103655
20.288291454315186,0.19999999999999998,0.2503234201624969,-4.163336342344338e-17,-0.20393023379079134
20.32068109512329,0.19999999999999998,-3.2216195282328554e-05,-4.163336342344338e-17,3.217421979995194e-05
20.353895664215088,0.19999999999999998,0.2502170722882229,-4.163336342344338e-17,-0.20375401421987105
20.38882064819336,0.19999999999999998,0.2505445126612121,-4.163336342344338e-17,-0.20353260360100922
20.423882007598877,0.19999999999999998,0.2502170722882229,-4.163336342344338e-17,-0.20375401421987105
20.46307682991028,0.19999999999999998,0.2503807945215791,-4.163336342344338e-17,-0.2036433094039265
20.49787473678589,0.19999999999999998,0.24990051934988922,-4.163336342344338e-17,-0.20371948962579411
20.533486127853394,0.19999999999999998,-3.219313527931552e-05,-4.163336342344338e-17,3.215116249899452e-05
20.567827939987183,0.19999999999999998,0.25017056861469,-4.163336342344338e-17,-0.20378500473383854
20.601779222488403,0.19999999999999998,0.25006423271702044,-4.163336342344338e-17,-0.2036087834997411
20.635038375854492,0.19999999999999998,0.25033427422338134,-4.163336342344338e-17,-0.20367430193313663
20.669605016708374,0.19999999999999998,0.24963044529499068,-4.163336342344338e-17,-0.203654000427409
20.704988956451416,0.19999999999999998,0.25006423271702044,-4.163336342344338e-17,-0.2036087834997411
20.738192081451416,0.19999999999999998,0.24963044529499068,-4.163336342344338e-17,-0.203654000427409
20.772696018218994,0.19999999999999998,0.24963044529499068,-4.163336342344338e-17,-0.203654000427409
20.806772708892822,0.19999999999999998,0.24990051934988922,-4.163336342344338e-17,-0.20371948962579411
20.84297776222229,0.19999999999999998,0.24963044529499068,-4.163336342344338e-17,-0.203654000427409
20.88049006462097,0.19999999999999998,0.24963044529499068,-4.163336342344338e-17,-0.203654000427409
20.917568683624268,0.19999999999999998,0.24963044529499068,-4.163336342344338e-17,-0.203654000427409
20.957075595855713,0.19999999999999998,-3.2147028225105876e-05,-4.163336342344338e-17,3.2105060841836064e-05
20.992855548858643,0.19999999999999998,0.24974772959385155,-4.163336342344338e-17,-0.2035742391587232
21.030012845993042,0.19999999999999998,0.25006423271702044,-4.163336342344338e-17,-0.2036087834997411
21.067784786224365,0.19999999999999998,0.24963044529499068,-4.163336342344338e-17,-0.203654000427409
21.110917329788208,0.19999999999999998,0.24991143000326996,-4.163336342344338e-17,-0.20346353074492773
21.14651393890381,0.19999999999999998,0.24964138864701624,-4.163336342344338e-17,-0.2033980388172476
21.18787956237793,0.19999999999999998,0.24975525951414126,-4.163336342344338e-17,-0.20358345683007073
21.229708909988403,0.19999999999999998,0.24958402511011446,-4.163336342344338e-17,-0.20368494660227876
21.266472816467285,0.19999999999999998,0.24958402511011446,-4.163336342344338e-17,-0.20368494660227876
21.30258870124817,0.19999999999999998,0.24974772959385155,-4.163336342344338e-17,-0.2035742391587232
21.337533712387085,0.19999999999999998,0.24947768049278313,-4.163336342344338e-17,-0.20350875055419904
21.373226165771484,0.19999999999999998,0.24974772959385155,-4.163336342344338e-17,-0.2035742391587232
21.408899307250977,0.19999999999999998,0.24947768049278313,-4.163336342344338e-17,-0.20350875055419904
21.44403839111328,0.19999999999999998,0.19841118888548592,-4.163336342344338e-17,-0.23794686645559482
21.481722593307495,0.19999999999999998,0.24953503434962657,-4.163336342344338e-17,-0.20322185673303883
21.51647114753723,0.19999999999999998,0.24980509272675103,-4.163336342344338e-17,-0.20328732610691924
21.55034828186035,0.19999999999999998,0.24926495122298234,-4.163336342344338e-17,-0.203156413207648
21.586040019989014,0.19999999999999998,0.19813913065234628,-4.163336342344338e-17,-0.23788280382627702
21.620976448059082,0.19999999999999998,0.24937132252770539,-4.163336342344338e-17,-0.20333257275997862
21.65581750869751,0.19999999999999998,0.24926495122298234,-4.163336342344338e-17,-0.203156413207648
21.69083833694458,0.19999999999999998,0.24937132252770539,-4.163336342344338e-17,-0.20333257275997862
21.725242614746094,0.19999999999999998,0.24926495122298234,-4.163336342344338e-17,-0.203156413207648
21.758979320526123,0.19999999999999998,0.24926495122298234,-4.163336342344338e-17,-0.203156413207648
21.79327893257141,0.19999999999999998,0.24926495122298234,-4.163336342344338e-17,-0.203156413207648
21.827890157699585,0.19999999999999998,0.24926495122298234,-4.163336342344338e-17,-0.203156413207648
21.864811420440674,0.19999999999999998,0.24926495122298234,-4.163336342344338e-17,-0.203156413207648
21.904664278030396,0.19999999999999998,0.24937132252770539,-4.163336342344338e-17,-0.20333257275997862
21.943116188049316,0.19999999999999998,0.24964138864701624,-4.163336342344338e-17,-0.2033980388172476
21.987285137176514,0.19999999999999998,0.24926495122298234,-4.163336342344338e-17,-0.203156413207648
22.02965521812439,0.19999999999999998,0.24947768049278313,-4.163336342344338e-17,-0.20350875055419904
22.066055059432983,0.19999999999999998,0.24926495122298234,-4.163336342344338e-17,-0.203156413207648
22.104488849639893,0.19999999999999998,0.2496987420968699,-4.163336342344338e-17,-0.20311113972958417
22.14112663269043,0.19999999999999998,0.24926495122298234,-4.163336342344338e-17,-0.203156413207648
22.183672189712524,0.19999999999999998,0.24953503434962657,-4.163336342344338e-17,-0.20322185673303883
22.232518911361694,0.19999999999999998,0.2494286667097844,-4.163336342344338e-17,-0.20304569289412333
22.274590015411377,0.19999999999999998,0.2494286667097844,-4.163336342344338e-17,-0.20304569289412333
22.30927586555481,0.19999999999999998,0.24964138864701624,-4.163336342344338e-17,-0.2033980388172476
22.345323085784912,0.19999999999999998,0.1985757372322809,-4.163336342344338e-17,-0.2378359424774681
22.379445552825928,0.19999999999999998,0.24980509272675103,-4.163336342344338e-17,-0.20328732610691924
22.4137065410614,0.19999999999999998,0.24980509272675103,-4.163336342344338e-17,-0.20328732610691924
22.449037075042725,0.19999999999999998,0.24996879272330033,-4.163336342344338e-17,-0.20317661241237506
22.48679256439209,0.19999999999999998,0.24996879272330033,-4.163336342344338e-17,-0.20317661241237506
22.521172761917114,0.19999999999999998,0.24996879272330033,-4.163336342344338e-17,-0.20317661241237506
22.55549693107605,0.19999999999999998,0.24996879272330033,-4.163336342344338e-17,-0.20317661241237506
22.58931827545166,0.19999999999999998,0.24980509272675103,-4.163336342344338e-17,-0.20328732610691924
22.623779773712158,0.19999999999999998,0.2502464230309225,-4.163336342344338e-17,-0.20325139108528978
22.65791630744934,0.19999999999999998,0.2507864413474219,-4.163336342344338e-17,-0.20338250737250707
22.69263243675232,0.19999999999999998,0.2507864413474219,-4.163336342344338e-17,-0.20338250737250707
22.7281973361969,0.19999999999999998,0.2506227398300179,-4.163336342344338e-17,-0.20349319032143498
22.76261043548584,0.19999999999999998,0.2506227398300179,-4.163336342344338e-17,-0.20349319032143498
22.796671628952026,0.19999999999999998,-3.219313527931552e-05,-4.163336342344338e-17,3.215116249899452e-05
22.830831289291382,0.19999999999999998,0.2506227398300179,-4.163336342344338e-17,-0.20349319032143498
22.865922212600708,0.19999999999999998,0.25066930199177717,-4.163336342344338e-17,-0.2034621942751249
22.900011777877808,0.19999999999999998,0.25066930199177717,-4.163336342344338e-17,-0.2034621942751249
22.9352970123291,0.19999999999999998,0.25066930199177717,-4.163336342344338e-17,-0.2034621942751249
22.971484899520874,0.19999999999999998,0.25093932365461885,-4.163336342344338e-17,-0.2035277660139867
23.006995677947998,0.19999999999999998,0.25093932365461885,-4.163336342344338e-17,-0.2035277660139867
23.0437228679657,0.19999999999999998,0.2510532602955476,-4.163336342344338e-17,-0.2037133625948
23.080326557159424,0.19999999999999998,0.2510532602955476,-4.163336342344338e-17,-0.2037133625948
23.118369817733765,0.19999999999999998,0.251216991817216,-4.163336342344338e-17,-0.20360270608548214
23.160881996154785,0.19999999999999998,0.2510532602955476,-4.163336342344338e-17,-0.2037133625948
23.196474313735962,0.19999999999999998,0.25093932365461885,-4.163336342344338e-17,-0.2035277660139867
23.231695890426636,0.19999999999999998,0.25093932365461885,-4.163336342344338e-17,-0.2035277660139867
23.26572275161743,0.19999999999999998,0.250775609180629,-4.163336342344338e-17,-0.20363844666312492
23.299879789352417,0.19999999999999998,0.25093932365461885,-4.163336342344338e-17,-0.2035277660139867
23.335837841033936,0.19999999999999998,0.25093932365461885,-4.163336342344338e-17,-0.2035277660139867
23.371625423431396,0.19999999999999998,0.250775609180629,-4.163336342344338e-17,-0.20363844666312492
23.40776562690735,0.19999999999999998,0.2508819029714455,-4.163336342344338e-17,-0.20381471737085155
23.44979953765869,0.19999999999999998,0.2508819029714455,-4.163336342344338e-17,-0.20381471737085155
23.488810777664185,0.19999999999999998,0.25061189059503336,-4.163336342344338e-17,-0.2037491263102531
23.52692937850952,0.19999999999999998,0.25061189059503336,-4.163336342344338e-17,-0.2037491263102531
23.565563440322876,0.19999999999999998,0.25061189059503336,-4.163336342344338e-17,-0.2037491263102531
23.604145526885986,0.19999999999999998,0.250775609180629,-4.163336342344338e-17,-0.20363844666312492
23.648892641067505,0.19999999999999998,0.19937578426328267,-4.163336342344338e-17,-0.23828678284430227
23.69109082221985,0.19999999999999998,0.25061189059503336,-4.163336342344338e-17,-0.2037491263102531
23.730525493621826,0.19999999999999998,0.2504481679065197,-4.163336342344338e-17,-0.20385980496621237
23.76956081390381,0.19999999999999998,0.2504481679065197,-4.163336342344338e-17,-0.20385980496621237
23.807717323303223,0.19999999999999998,0.2504481679065197,-4.163336342344338e-17,-0.20385980496621237
23.8452889919281,0.19999999999999998,0.25017056861469,-4.163336342344338e-17,-0.20378500473383854
23.88886260986328,0.19999999999999998,0.25017056861469,-4.163336342344338e-17,-0.20378500473383854
23.933035850524902,0.19999999999999998,0.25033427422338134,-4.163336342344338e-17,-0.20367430193313663
23.974822998046875,0.19999999999999998,0.19893943594270774,-4.163336342344338e-17,-0.23833064058176046
24.01534366607666,0.19999999999999998,0.2504481679065197,-4.163336342344338e-17,-0.20385980496621237
24.056665897369385,0.19999999999999998,0.25033427422338134,-4.163336342344338e-17,-0.20367430193313663
24.094430446624756,0.19999999999999998,0.25033427422338134,-4.163336342344338e-17,-0.20367430193313663
24.132890701293945,0.19999999999999998,0.1992112112794564,-4.163336342344338e-17,-0.23839767061313255
24.16952395439148,0.19999999999999998,0.2504481679065197,-4.163336342344338e-17,-0.20385980496621237
24.20845675468445,0.19999999999999998,0.25033427422338134,-4.163336342344338e-17,-0.20367430193313663
24.245596408843994,0.19999999999999998,0.25033427422338134,-4.163336342344338e-17,-0.20367430193313663
24.283559799194336,0.19999999999999998,0.25017056861469,-4.163336342344338e-17,-0.20378500473383854
24.321019172668457,0.19999999999999998,0.25017056861469,-4.163336342344338e-17,-0.20378500473383854
24.356775283813477,0.19999999999999998,0.25017056861469,-4.163336342344338e-17,-0.20378500473383854
24.389125108718872,0.19999999999999998,0.25017056861469,-4.163336342344338e-17,-0.20378500473383854
24.421499729156494,0.19999999999999998,0.25017056861469,-4.163336342344338e-17,-0.20378500473383854
24.45398449897766,0.19999999999999998,0.25017056861469,-4.163336342344338e-17,-0.20378500473383854
24.485888481140137,0.19999999999999998,0.25017056861469,-4.163336342344338e-17,-0.20378500473383854
24.5167293548584,0.19999999999999998,0.25000685892215935,-4.163336342344338e-17,-0.20389570655907585
24.546975135803223,0.19999999999999998,0.25000685892215935,-4.163336342344338e-17,-0.20389570655907585
24.57728672027588,0.19999999999999998,0.25000685892215935,-4.163336342344338e-17,-0.20389570655907585
24.6156005859375,0.19999999999999998,0.24990051934988922,-4.163336342344338e-17,-0.20371948962579411
24.65301275253296,0.19999999999999998,0.24990051934988922,-4.163336342344338e-17,-0.20371948962579411
24.692994594573975,0.19999999999999998,0.24973680190742711,-4.163336342344338e-17,-0.2038301947840786
24.733717918395996,0.19999999999999998,0.24973680190742711,-4.163336342344338e-17,-0.2038301947840786
24.774006843566895,0.19999999999999998,0.24973680190742711,-4.163336342344338e-17,-0.2038301947840786
24.815998792648315,0.19999999999999998,0.24973680190742711,-4.163336342344338e-17,-0.2038301947840786
24.8562753200531,0.19999999999999998,-3.2147028225105876e-05,-4.163336342344338e-17,3.2105060841836064e-05
24.89863085746765,0.19999999999999998,0.24963044529499068,-4.163336342344338e-17,-0.203654000427409
24.945672273635864,0.19999999999999998,0.1985028303388439,-4.163336342344338e-17,-0.23837745289124435
24.98540496826172,0.19999999999999998,-3.217007959481997e-05,-4.163336342344338e-17,3.2128109514140135e-05
25.023781299591064,0.19999999999999998,0.24990051934988922,-4.163336342344338e-17,-0.20371948962579411
25.063995599746704,0.19999999999999998,0.24973680190742711,-4.163336342344338e-17,-0.2038301947840786
25.103058338165283,0.19999999999999998,-3.217007959481997e-05,-4.163336342344338e-17,3.2128109514140135e-05
25.14026427268982,0.19999999999999998,0.24963044529499068,-4.163336342344338e-17,-0.203654000427409
25.179943799972534,0.19999999999999998,-3.2147028225105876e-05,-4.163336342344338e-17,3.2105060841836064e-05
25.2190899848938,0.19999999999999998,0.24963044529499068,-4.163336342344338e-17,-0.203654000427409
25.257075786590576,0.19999999999999998,0.2494667201137372,-4.163336342344338e-17,-0.2037647089198873
25.295663595199585,0.19999999999999998,0.2494667201137372,-4.163336342344338e-17,-0.2037647089198873
25.33572793006897,0.19999999999999998,0.24930299087435542,-4.163336342344338e-17,-0.20387541646312668
25.37469458580017,0.19999999999999998,0.24930299087435542,-4.163336342344338e-17,-0.20387541646312668
25.413920402526855,0.19999999999999998,0.24930299087435542,-4.163336342344338e-17,-0.20387541646312668
25.452152252197266,0.19999999999999998,0.24930299087435542,-4.163336342344338e-17,-0.20387541646312668
25.493005514144897,0.19999999999999998,0.24930299087435542,-4.163336342344338e-17,-0.20387541646312668
25.53242588043213,0.19999999999999998,0.24930299087435542,-4.163336342344338e-17,-0.20387541646312668
25.570802211761475,0.19999999999999998,0.2494667201137372,-4.163336342344338e-17,-0.2037647089198873
25.609830617904663,0.19999999999999998,0.2494667201137372,-4.163336342344338e-17,-0.2037647089198873
25.648633241653442,0.19999999999999998,0.2494667201137372,-4.163336342344338e-17,-0.2037647089198873
25.687981605529785,0.19999999999999998,0.24930299087435542,-4.163336342344338e-17,-0.20387541646312668
25.72732925415039,0.19999999999999998,0.24930299087435542,-4.163336342344338e-17,-0.20387541646312668
25.768194437026978,0.19999999999999998,0.24930299087435542,-4.163336342344338e-17,-0.20387541646312668
25.8081111907959,0.19999999999999998,0.24930299087435542,-4.163336342344338e-17,-0.20387541646312668
25.850518703460693,0.19999999999999998,0.2492566039544376,-4.163336342344338e-17,-0.20390635862200934
25.901203870773315,0.19999999999999998,0.2491502519955773,-4.163336342344338e-17,-0.20373017115130843
25.952413082122803,0.19999999999999998,0.2491502519955773,-4.163336342344338e-17,-0.20373017115130843
26.002142429351807,0.19999999999999998,0.2491502519955773,-4.163336342344338e-17,-0.20373017115130843
26.042771339416504,0.19999999999999998,0.2492566039544376,-4.163336342344338e-17,-0.20390635862200934
26.087798357009888,0.19999999999999998,-3.2147028225105876e-05,-4.163336342344338e-17,3.2105060841836064e-05
26.130157947540283,0.19999999999999998,0.24930299087435542,-4.163336342344338e-17,-0.20387541646312668
26.17244267463684,0.19999999999999998,0.24930299087435542,-4.163336342344338e-17,-0.20387541646312668
26.213733911514282,0.19999999999999998,0.2494667201137372,-4.163336342344338e-17,-0.2037647089198873
26.254685878753662,0.19999999999999998,0.24930299087435542,-4.163336342344338e-17,-0.20387541646312668
26.295989990234375,0.19999999999999998,0.2491502519955773,-4.163336342344338e-17,-0.20373017115130843
26.33853554725647,0.19999999999999998,0.2491502519955773,-4.163336342344338e-17,-0.20373017115130843
26.38008451461792,0.19999999999999998,0.2491502519955773,-4.163336342344338e-17,-0.20373017115130843
26.422078371047974,0.19999999999999998,0.24898653166998544,-4.163336342344338e-17,-0.2038408800331304
26.46375584602356,0.19999999999999998,0.24898653166998544,-4.163336342344338e-17,-0.2038408800331304
26.505531072616577,0.19999999999999998,0.24898653166998544,-4.163336342344338e-17,-0.2038408800331304
26.549943685531616,0.19999999999999998,0.2491502519955773,-4.163336342344338e-17,-0.20373017115130843
26.593315601348877,0.19999999999999998,0.2491502519955773,-4.163336342344338e-17,-0.20373017115130843
26.639076232910156,0.19999999999999998,0.2491502519955773,-4.163336342344338e-17,-0.20373017115130843
26.683812141418457,0.19999999999999998,0.24930299087435542,-4.163336342344338e-17,-0.20387541646312668
26.729527950286865,0.19999999999999998,0.2494667201137372,-4.163336342344338e-17,-0.2037647089198873
26.773418188095093,0.19999999999999998,0.24930299087435542,-4.163336342344338e-17,-0.20387541646312668
26.819750547409058,0.19999999999999998,0.24930299087435542,-4.163336342344338e-17,-0.20387541646312668
26.863585710525513,0.19999999999999998,0.2494667201137372,-4.163336342344338e-17,-0.2037647089198873
26.908541202545166,0.19999999999999998,0.2494667201137372,-4.163336342344338e-17,-0.2037647089198873
26.952526092529297,0.19999999999999998,-3.2147028225105876e-05,-4.163336342344338e-17,3.2105060841836064e-05
26.99773383140564,0.19999999999999998,0.2494667201137372,-4.163336342344338e-17,-0.2037647089198873
27.044236421585083,0.19999999999999998,0.2494667201137372,-4.163336342344338e-17,-0.2037647089198873
27.09033513069153,0.19999999999999998,0.19823075763879333,-4.163336342344338e-17,-0.23831337575290634
27.136004209518433,0.19999999999999998,0.24973680190742711,-4.163336342344338e-17,-0.2038301947840786
27.180567502975464,0.19999999999999998,0.24973680190742711,-4.163336342344338e-17,-0.2038301947840786
27.224575757980347,0.19999999999999998,0.19823075763879333,-4.163336342344338e-17,-0.23831337575290634
27.268916845321655,0.19999999999999998,0.24963044529499068,-4.163336342344338e-17,-0.203654000427409
27.31234121322632,0.19999999999999998,0.24963044529499068,-4.163336342344338e-17,-0.203654000427409
27.356497049331665,0.19999999999999998,0.24963044529499068,-4.163336342344338e-17,-0.203654000427409
27.39800190925598,0.19999999999999998,0.24973680190742711,-4.163336342344338e-17,-0.2038301947840786
27.438363313674927,0.19999999999999998,0.24973680190742711,-4.163336342344338e-17,-0.2038301947840786
27.481316089630127,0.19999999999999998,0.24973680190742711,-4.163336342344338e-17,-0.2038301947840786
27.52442169189453,0.19999999999999998,0.24973680190742711,-4.163336342344338e-17,-0.2038301947840786
27.566224575042725,0.19999999999999998,0.1985028303388439,-4.163336342344338e-17,-0.23837745289124435
27.610234022140503,0.19999999999999998,0.24973680190742711,-4.163336342344338e-17,-0.2038301947840786
27.653496265411377,0.19999999999999998,0.24973680190742711,-4.163336342344338e-17,-0.2038301947840786
27.714492082595825,0.30000000000000004,0.24973680190742711,-4.163336342344339e-17,-0.2038301947840786
27.77214288711548,0.30000000000000004,0.24973680190742711,-4.163336342344339e-17,-0.2038301947840786
27.820518970489502,0.30000000000000004,0.24973680190742711,-4.163336342344339e-17,-0.2038301947840786
27.869781255722046,0.30000000000000004,-3.217007959481997e-05,-4.163336342344339e-17,3.2128109514140135e-05
27.919883728027344,0.30000000000000004,0.24973680190742711,-4.163336342344339e-17,-0.2038301947840786
27.965764045715332,0.30000000000000004,0.24973680190742711,-4.163336342344339e-17,-0.2038301947840786
28.013351917266846,0.30000000000000004,0.1985028303388439,-4.163336342344339e-17,-0.23837745289124435
28.06485676765442,0.30000000000000004,0.24973680190742711,-4.163336342344339e-17,-0.2038301947840786
28.113534927368164,0.30000000000000004,0.24973680190742711,-4.163336342344339e-17,-0.2038301947840786
28.157520532608032,0.30000000000000004,0.28513372068473525,-4.163336342344339e-17,-0.19596429840790108
28.202152013778687,0.30000000000000004,0.2951146437882263,-4.163336342344339e-17,-0.19822501376482649
28.246702671051025,0.30000000000000004,0.1891826524234775,-4.163336342344339e-17,-0.273776254046596
28.29129672050476,0.30000000000000004,0.3018399909358866,-4.163336342344339e-17,-0.19912857903327064
28.333520889282227,0.30000000000000004,0.18943088036797173,-4.163336342344339e-17,-0.27409593013914835
28.374823331832886,0.30000000000000004,0.3019435111839539,-4.163336342344339e-17,-0.19853557805478017
28.41658926010132,0.30000000000000004,0.301925668786184,-4.163336342344339e-17,-0.19877704247452543
28.45825505256653,0.30000000000000004,0.30187233551272785,-4.163336342344339e-17,-0.19881098662974184
28.49993872642517,0.30000000000000004,0.30188529246697354,-4.163336342344339e-17,-0.19882505288589636
28.544368505477905,0.30000000000000004,0.30189825229472256,-4.163336342344339e-17,-0.1988391190623191
28.585460662841797,0.30000000000000004,0.3020611152554292,-4.163336342344339e-17,-0.19872862250519185
28.625070810317993,0.30000000000000004,0.30189825229472256,-4.163336342344339e-17,-0.1988391190623191
28.665961265563965,0.30000000000000004,0.18953822819461186,-4.163336342344339e-17,-0.27427195059838594
28.70569658279419,0.30000000000000004,0.30189825229472256,-4.163336342344339e-17,-0.1988391190623191
28.74562931060791,0.30000000000000004,0.30189825229472256,-4.163336342344339e-17,-0.1988391190623191
28.78538203239441,0.30000000000000004,0.30189825229472256,-4.163336342344339e-17,-0.1988391190623191
28.8249454498291,0.30000000000000004,0.30189825229472256,-4.163336342344339e-17,-0.1988391190623191
28.864957094192505,0.30000000000000004,0.3023285680255735,-4.163336342344339e-17,-0.1987971055688047
28.905884981155396,0.30000000000000004,0.3023285680255735,-4.163336342344339e-17,-0.1987971055688047
28.949591636657715,0.30000000000000004,0.3023285680255735,-4.163336342344339e-17,-0.1987971055688047
28.99103355407715,0.30000000000000004,0.3023285680255735,-4.163336342344339e-17,-0.1987971055688047
29.034985780715942,0.30000000000000004,0.3023285680255735,-4.163336342344339e-17,-0.1987971055688047
29.07698893547058,0.30000000000000004,0.30243314881666505,-4.163336342344339e-17,-0.19897610898919282
29.11793327331543,0.30000000000000004,0.3023285680255735,-4.163336342344339e-17,-0.1987971055688047
29.15837574005127,0.30000000000000004,0.3023285680255735,-4.163336342344339e-17,-0.1987971055688047
29.198298454284668,0.30000000000000004,0.30243314881666505,-4.163336342344339e-17,-0.19897610898919282
29.237534999847412,0.30000000000000004,0.3025959917472777,-4.163336342344339e-17,-0.19886561699932637
29.278329610824585,0.30000000000000004,0.30243314881666505,-4.163336342344339e-17,-0.19897610898919282
29.319825410842896,0.30000000000000004,0.3023285680255735,-4.163336342344339e-17,-0.1987971055688047
29.359889030456543,0.30000000000000004,0.30243314881666505,-4.163336342344339e-17,-0.19897610898919282
29.40136194229126,0.30000000000000004,0.3025959917472777,-4.163336342344339e-17,-0.19886561699932637
29.441691637039185,0.30000000000000004,0.18975288452446334,-4.163336342344339e-17,-0.2746240461839493
29.48140025138855,0.30000000000000004,0.30243314881666505,-4.163336342344339e-17,-0.19897610898919282
29.522969245910645,0.30000000000000004,0.30243314881666505,-4.163336342344339e-17,-0.19897610898919282
29.56282663345337,0.30000000000000004,0.3025959917472777,-4.163336342344339e-17,-0.19886561699932637
29.60421085357666,0.30000000000000004,0.18975288452446334,-4.163336342344339e-17,-0.2746240461839493
29.64705467224121,0.30000000000000004,0.18975288452446334,-4.163336342344339e-17,-0.2746240461839493
29.687265396118164,0.30000000000000004,0.3025959917472777,-4.163336342344339e-17,-0.19886561699932637
29.727500200271606,0.30000000000000004,0.30275882857973807,-4.163336342344339e-17,-0.19875512186789024
29.768774032592773,0.30000000000000004,0.30275882857973807,-4.163336342344339e-17,-0.19875512186789024
29.810783624649048,0.30000000000000004,0.20014580280758756,-4.163336342344339e-17,-0.2676461346673773
29.852699279785156,0.30000000000000004,0.30292165930567433,-4.163336342344339e-17,-0.19864462358347712
29.895172119140625,0.30000000000000004,0.3030262131895237,-4.163336342344339e-17,-0.19882366396374085
29.93541669845581,0.30000000000000004,0.3032021283090808,-4.163336342344339e-17,-0.1987273634847515
29.975632190704346,0.30000000000000004,0.3033649672714703,-4.163336342344339e-17,-0.19861688589106175
30.019461154937744,0.30000000000000004,0.3032021283090808,-4.163336342344339e-17,-0.1987273634847515
30.06489109992981,0.30000000000000004,0.18985599241072768,-4.163336342344339e-17,-0.2748001409345635
30.108753204345703,0.30000000000000004,0.30346949322189976,-4.163336342344339e-17,-0.19879595783838022
30.153871774673462,0.30000000000000004,0.30346949322189976,-4.163336342344339e-17,-0.19879595783838022
30.208153247833252,0.30000000000000004,0.3037368289825869,-4.163336342344339e-17,-0.19886458063279644
30.261990070343018,0.30000000000000004,0.20112418345896924,-4.163336342344339e-17,-0.2677338762287116
30.31609582901001,0.30000000000000004,0.3037368289825869,-4.163336342344339e-17,-0.19886458063279644
30.37158465385437,0.30000000000000004,0.20112418345896924,-4.163336342344339e-17,-0.2677338762287116
30.42618680000305,0.30000000000000004,0.30363232211388175,-4.163336342344339e-17,-0.19868548250698082
30.479490518569946,0.30000000000000004,0.30363232211388175,-4.163336342344339e-17,-0.19868548250698082
30.53540062904358,0.30000000000000004,0.3037368289825869,-4.163336342344339e-17,-0.19886458063279644
30.586369276046753,0.30000000000000004,0.3037368289825869,-4.163336342344339e-17,-0.19886458063279644
30.637287855148315,0.30000000000000004,0.30416694428602664,-4.163336342344339e-17,-0.1988227610832567
30.68683910369873,0.30000000000000004,0.30400413556674044,-4.163336342344339e-17,-0.19893323189167011
30.73592710494995,0.30000000000000004,-3.511034199141261e-05,-4.163336342344339e-17,3.5068014897721156e-05
30.78434681892395,0.30000000000000004,0.3037368289825869,-4.163336342344339e-17,-0.19886458063279644
30.833741188049316,0.30000000000000004,0.3037368289825869,-4.163336342344339e-17,-0.19886458063279644
30.882625341415405,0.30000000000000004,-3.511034199141261e-05,-4.163336342344339e-17,3.5068014897721156e-05
30.932207822799683,0.30000000000000004,0.3037368289825869,-4.163336342344339e-17,-0.19886458063279644
30.98067307472229,0.30000000000000004,0.3037368289825869,-4.163336342344339e-17,-0.19886458063279644
31.029874801635742,0.30000000000000004,0.3037368289825869,-4.163336342344339e-17,-0.19886458063279644
31.0834801197052,0.30000000000000004,0.19007056265337186,-4.163336342344339e-17,-0.2751523459950018
31.1302011013031,0.30000000000000004,0.30389964779353346,-4.163336342344339e-17,-0.19875410756315404
31.17362403869629,0.30000000000000004,0.30389964779353346,-4.163336342344339e-17,-0.19875410756315404
31.22330069541931,0.30000000000000004,0.30389964779353346,-4.163336342344339e-17,-0.19875410756315404
31.265865325927734,0.30000000000000004,-3.511034199141261e-05,-4.163336342344339e-17,3.5068014897721156e-05
31.314107656478882,0.30000000000000004,0.3037368289825869,-4.163336342344339e-17,-0.19886458063279644
31.360154151916504,0.30000000000000004,0.3037368289825869,-4.163336342344339e-17,-0.19886458063279644
31.40658164024353,0.30000000000000004,-3.511034199141261e-05,-4.163336342344339e-17,3.5068014897721156e-05
31.45594048500061,0.30000000000000004,0.30346949322189976,-4.163336342344339e-17,-0.19879595783838022
31.498952865600586,0.30000000000000004,0.30346949322189976,-4.163336342344339e-17,-0.19879595783838022
31.541443824768066,0.30000000000000004,0.18996328410127158,-4.163336342344339e-17,-0.2749762343335984
31.582226753234863,0.30000000000000004,0.30346949322189976,-4.163336342344339e-17,-0.19879595783838022
31.62519669532776,0.30000000000000004,0.18996328410127158,-4.163336342344339e-17,-0.2749762343335984
31.666706085205078,0.30000000000000004,0.20085220598996978,-4.163336342344339e-17,-0.26766814584031673
31.707545280456543,0.30000000000000004,0.3037368289825869,-4.163336342344339e-17,-0.19886458063279644
31.74877381324768,0.30000000000000004,0.3037368289825869,-4.163336342344339e-17,-0.19886458063279644
31.788681030273438,0.30000000000000004,-3.511034199141261e-05,-4.163336342344339e-17,3.5068014897721156e-05
31.828556776046753,0.30000000000000004,0.30346949322189976,-4.163336342344339e-17,-0.19879595783838022
31.870319843292236,0.30000000000000004,0.30346949322189976,-4.163336342344339e-17,-0.19879595783838022
31.90936017036438,0.30000000000000004,0.30346949322189976,-4.163336342344339e-17,-0.19879595783838022
31.947951078414917,0.30000000000000004,0.30346949322189976,-4.163336342344339e-17,-0.19879595783838022
31.988399267196655,0.30000000000000004,0.3032021283090808,-4.163336342344339e-17,-0.1987273634847515
32.02767872810364,0.30000000000000004,0.3032021283090808,-4.163336342344339e-17,-0.1987273634847515
32.06765294075012,0.30000000000000004,0.18975288452446334,-4.163336342344339e-17,-0.2746240461839493
32.1080584526062,0.30000000000000004,0.30292165930567433,-4.163336342344339e-17,-0.19864462358347712
32.14666676521301,0.30000000000000004,0.30292165930567433,-4.163336342344339e-17,-0.19864462358347712
32.184914350509644,0.30000000000000004,0.30292165930567433,-4.163336342344339e-17,-0.19864462358347712
32.22469997406006,0.30000000000000004,0.30292165930567433,-4.163336342344339e-17,-0.19864462358347712
32.26510739326477,0.30000000000000004,0.30292165930567433,-4.163336342344339e-17,-0.19864462358347712
32.310532093048096,0.30000000000000004,0.3030975832907,-4.163336342344339e-17,-0.19854831769174197
32.35266470909119,0.30000000000000004,0.3033649672714703,-4.163336342344339e-17,-0.19861688589106175
32.39579510688782,0.30000000000000004,0.3030975832907,-4.163336342344339e-17,-0.19854831769174197
32.43568396568298,0.30000000000000004,0.3033649672714703,-4.163336342344339e-17,-0.19861688589106175
32.47524881362915,0.30000000000000004,0.3030975832907,-4.163336342344339e-17,-0.19854831769174197
32.51664209365845,0.30000000000000004,0.3030975832907,-4.163336342344339e-17,-0.19854831769174197
32.565680503845215,0.30000000000000004,-3.5039480953315485e-05,-4.163336342344339e-17,3.499716276111897e-05
32.60530090332031,0.30000000000000004,0.3030975832907,-4.163336342344339e-17,-0.19854831769174197
32.64428091049194,0.30000000000000004,0.3032021283090808,-4.163336342344339e-17,-0.1987273634847515
32.682982444763184,0.30000000000000004,0.3033649672714703,-4.163336342344339e-17,-0.19861688589106175
32.720462799072266,0.30000000000000004,0.18985599241072768,-4.163336342344339e-17,-0.2748001409345635
32.75906443595886,0.30000000000000004,0.3033649672714703,-4.163336342344339e-17,-0.19861688589106175
32.7976861000061,0.30000000000000004,0.3032021283090808,-4.163336342344339e-17,-0.1987273634847515
32.83569931983948,0.30000000000000004,-3.5063096503625925e-05,-4.163336342344339e-17,3.5020775346339406e-05
32.87465691566467,0.30000000000000004,-3.5063096503625925e-05,-4.163336342344339e-17,3.5020775346339406e-05
32.915401220321655,0.30000000000000004,0.3033649672714703,-4.163336342344339e-17,-0.19861688589106175
32.96601152420044,0.30000000000000004,0.3032021283090808,-4.163336342344339e-17,-0.1987273634847515
33.01517081260681,0.30000000000000004,0.3030975832907,-4.163336342344339e-17,-0.19854831769174197
33.06420850753784,0.30000000000000004,0.3030975832907,-4.163336342344339e-17,-0.19854831769174197
33.10364103317261,0.30000000000000004,0.3030975832907,-4.163336342344339e-17,-0.19854831769174197
33.14198923110962,0.30000000000000004,0.20074518014746193,-4.163336342344339e-17,-0.2674918318785009
33.1803777217865,0.30000000000000004,0.3030975832907,-4.163336342344339e-17,-0.19854831769174197
33.21799159049988,0.30000000000000004,-3.5039480953315485e-05,-4.163336342344339e-17,3.499716276111897e-05
33.25756025314331,0.30000000000000004,0.18974868758955124,-4.163336342344339e-17,-0.2746240657869867
33.2979097366333,0.30000000000000004,0.3030975832907,-4.163336342344339e-17,-0.19854831769174197
33.33679509162903,0.30000000000000004,0.3033649672714703,-4.163336342344339e-17,-0.19861688589106175
33.377604484558105,0.30000000000000004,0.3033649672714703,-4.163336342344339e-17,-0.19861688589106175
33.417030572891235,0.30000000000000004,0.3033649672714703,-4.163336342344339e-17,-0.19861688589106175
33.455501317977905,0.30000000000000004,0.3033649672714703,-4.163336342344339e-17,-0.19861688589106175
33.495811223983765,0.30000000000000004,0.18985599241072768,-4.163336342344339e-17,-0.2748001409345635
33.53701448440552,0.30000000000000004,0.18985599241072768,-4.163336342344339e-17,-0.2748001409345635
33.58102297782898,0.30000000000000004,0.3033649672714703,-4.163336342344339e-17,-0.19861688589106175
33.631784200668335,0.30000000000000004,0.3033649672714703,-4.163336342344339e-17,-0.19861688589106175
33.671934843063354,0.30000000000000004,0.3033649672714703,-4.163336342344339e-17,-0.19861688589106175
33.72044038772583,0.30000000000000004,0.3030975832907,-4.163336342344339e-17,-0.19854831769174197
33.7656626701355,0.30000000000000004,0.18974868758955124,-4.163336342344339e-17,-0.2746240657869867
33.80807423591614,0.30000000000000004,0.30292165930567433,-4.163336342344339e-17,-0.19864462358347712
33.84977436065674,0.30000000000000004,0.3030975832907,-4.163336342344339e-17,-0.19854831769174197
33.89726424217224,0.30000000000000004,0.3030975832907,-4.163336342344339e-17,-0.19854831769174197
33.94087266921997,0.30000000000000004,0.3030975832907,-4.163336342344339e-17,-0.19854831769174197
33.98533868789673,0.30000000000000004,0.3030975832907,-4.163336342344339e-17,-0.19854831769174197
34.029820919036865,0.30000000000000004,0.3030975832907,-4.163336342344339e-17,-0.19854831769174197
34.07798647880554,0.30000000000000004,0.3030975832907,-4.163336342344339e-17,-0.19854831769174197
34.122596979141235,0.30000000000000004,-3.5039480953315485e-05,-4.163336342344339e-17,3.499716276111897e-05
34.16369342803955,0.30000000000000004,0.200310756332691,-4.163336342344339e-17,-0.2675354921477622
34.20438838005066,0.30000000000000004,0.3030975832907,-4.163336342344339e-17,-0.19854831769174197
34.246986627578735,0.30000000000000004,0.3033649672714703,-4.163336342344339e-17,-0.19861688589106175
34.288246393203735,0.30000000000000004,0.18985599241072768,-4.163336342344339e-17,-0.2748001409345635
34.33358144760132,0.30000000000000004,0.3032021283090808,-4.163336342344339e-17,-0.1987273634847515
34.37611150741577,0.30000000000000004,0.3033649672714703,-4.163336342344339e-17,-0.19861688589106175
34.417773485183716,0.30000000000000004,0.3033649672714703,-4.163336342344339e-17,-0.19861688589106175
34.45824670791626,0.30000000000000004,0.3033649672714703,-4.163336342344339e-17,-0.19861688589106175
34.497668743133545,0.30000000000000004,0.3033649672714703,-4.163336342344339e-17,-0.19861688589106175
34.537840366363525,0.30000000000000004,0.3033649672714703,-4.163336342344339e-17,-0.19861688589106175
34.58672833442688,0.20000000000000007,0.30352780009973696,-4.1633363423443395e-17,-0.1985064051169898
34.63692808151245,0.20000000000000007,0.30363232211388175,-4.1633363423443395e-17,-0.19868548250698082
34.67846465110779,0.20000000000000007,0.18985599241072768,-4.1633363423443395e-17,-0.2748001409345635
34.72878885269165,0.20000000000000007,0.30363232211388175,-4.1633363423443395e-17,-0.19868548250698082
34.77061080932617,0.20000000000000007,0.3033649672714703,-4.1633363423443395e-17,-0.19861688589106175
34.819432735443115,0.20000000000000007,0.30363232211388175,-4.1633363423443395e-17,-0.19868548250698082
34.870670557022095,0.20000000000000007,0.30363232211388175,-4.1633363423443395e-17,-0.19868548250698082
34.917439699172974,0.20000000000000007,0.30363232211388175,-4.1633363423443395e-17,-0.19868548250698082
34.967031717300415,0.20000000000000007,0.30320689491171393,-4.1633363423443395e-17,-0.19847183633859178
35.0110239982605,0.20000000000000007,0.2796640338420321,-4.1633363423443395e-17,-0.19991417307041592
35.06477952003479,0.20000000000000007,0.2810291984198934,-4.1633363423443395e-17,-0.19856800549206532
35.11753988265991,0.10000000000000005,0.27829732526040324,-4.16333634234434e-17,-0.19816995687452055
35.16936016082764,0.10000000000000005,0.27746189721100933,-4.16333634234434e-17,-0.19820018655218297
35.221062660217285,0.10000000000000005,0.27546189927247244,-4.16333634234434e-17,-0.1980394012180633
35.27176284790039,0.10000000000000005,0.2721147894305979,-4.16333634234434e-17,-0.19727881119119228
35.321757316589355,0.10000000000000005,0.27152748881061045,-4.16333634234434e-17,-0.1971774739313119
35.370198249816895,0.10000000000000005,0.2710470560470342,-4.16333634234434e-17,-0.19675667488952664
35.419575214385986,0.10000000000000005,0.2707779193369199,-4.16333634234434e-17,-0.1966901772494265
35.46819067001343,0.10000000000000005,0.2706043685590701,-4.16333634234434e-17,-0.19678932343519273
35.51796102523804,0.10000000000000005,0.26997828313269817,-4.16333634234434e-17,-0.1967312682392981
35.56980228424072,0.10000000000000005,0.23786587454565034,-4.16333634234434e-17,-0.20596346828549494
35.61895179748535,4.163336342344337e-17,0.22556081141117537,-4.16333634234434e-17,-0.20312380686369869
35.66753911972046,4.163336342344337e-17,0.22561484519008712,-4.16333634234434e-17,-0.20037870711480865
35.71626114845276,4.163336342344337e-17,0.226328085316039,-4.16333634234434e-17,-0.1996496557975007
35.76372194290161,4.163336342344337e-17,0.22554522751557612,-4.16333634234434e-17,-0.20016728771705905
35.81249499320984,4.163336342344337e-17,0.22521167058048486,-4.16333634234434e-17,-0.2003816801431051
35.86108350753784,4.163336342344337e-17,0.22550773985419514,-4.16333634234434e-17,-0.2002038272703417
35.910600423812866,4.163336342344337e-17,0.22577891738637249,-4.16333634234434e-17,-0.2002678771205324
35.95882844924927,4.163336342344337e-17,0.22567181555098287,-4.16333634234434e-17,-0.20009299346129517
36.0080668926239,4.163336342344337e-17,0.22525604935632673,-4.16333634234434e-17,-0.1998906181108362
36.0573616027832,4.163336342344337e-17,0.1721318639709195,-4.16333634234434e-17,-0.2047363150681214
36.10747838020325,4.163336342344337e-17,0.16771021211622786,-4.16333634234434e-17,-0.20381642943045808
36.15646290779114,4.163336342344337e-17,0.16719290149350968,-4.16333634234434e-17,-0.20221338395500954
36.20434021949768,4.163336342344337e-17,0.1670568677898053,-4.16333634234434e-17,-0.20377901569569978
36.25023007392883,4.163336342344337e-17,0.16570224706715303,-4.16333634234434e-17,-0.20444148151116792
36.29859972000122,4.163336342344337e-17,0.1659437205145484,-4.16333634234434e-17,-0.20378829644692376
36.345829486846924,4.163336342344337e-17,0.16627235874874818,-4.16333634234434e-17,-0.20356768633760192
36.39127564430237,4.163336342344337e-17,0.16594308298702037,-4.16333634234434e-17,-0.20379048093004037
36.436047315597534,4.163336342344337e-17,0.16594308298702037,-4.16333634234434e-17,-0.20379048093004037
36.48227548599243,4.163336342344337e-17,0.16594308298702037,-4.16333634234434e-17,-0.20379048093004037
36.52821707725525,4.163336342344337e-17,0.16605182913809974,-4.16333634234434e-17,-0.20396288634543636
36.576513051986694,4.163336342344337e-17,0.1659959316963101,-4.16333634234434e-17,-0.20424670123899125
36.62269353866577,4.163336342344337e-17,0.1658312976429086,-4.16333634234434e-17,-0.2043580982701938
36.67000889778137,4.163336342344337e-17,0.1658312976429086,-4.16333634234434e-17,-0.2043580982701938
36.71652889251709,4.163336342344337e-17,0.16588719291274456,-4.16333634234434e-17,-0.20407428401595862
36.764583110809326,4.163336342344337e-17,0.16588719291274456,-4.16333634234434e-17,-0.20407428401595862
36.81213974952698,4.163336342344337e-17,0.16588719291274456,-4.16333634234434e-17,-0.20407428401595862
36.86066818237305,4.163336342344337e-17,0.16577844360087512,-4.16333634234434e-17,-0.20390188131691822
36.90817999839783,4.163336342344337e-17,0.16577844360087512,-4.16333634234434e-17,-0.20390188131691822
36.95713686943054,4.163336342344337e-17,0.16577844360087512,-4.16333634234434e-17,-0.20390188131691822
37.00615406036377,4.163336342344337e-17,0.16594308298702037,-4.16333634234434e-17,-0.20379048093004037
37.05709195137024,4.163336342344337e-17,0.16583432631277895,-4.16333634234434e-17,-0.2036180900302451
37.101035833358765,4.163336342344337e-17,0.16579948269177572,-4.16333634234434e-17,-0.20364392680587917
37.15043640136719,4.163336342344337e-17,0.16579948269177572,-4.16333634234434e-17,-0.20364392680587917
37.19316053390503,4.163336342344337e-17,0.16583432631277895,-4.16333634234434e-17,-0.2036180900302451
37.23895454406738,4.163336342344337e-17,0.16583432631277895,-4.16333634234434e-17,-0.2036180900302451
37.281503438949585,4.163336342344337e-17,0.16583432631277895,-4.16333634234434e-17,-0.2036180900302451
37.332494497299194,4.163336342344337e-17,0.16583432631277895,-4.16333634234434e-17,-0.2036180900302451
37.379276514053345,4.163336342344337e-17,0.16579948269177572,-4.16333634234434e-17,-0.20364392680587917
37.43238830566406,4.163336342344337e-17,0.16579948269177572,-4.16333634234434e-17,-0.20364392680587917
37.48345708847046,4.163336342344337e-17,0.16558198784209877,-4.16333634234434e-17,-0.20329914968275764
37.535524129867554,4.163336342344337e-17,0.16558198784209877,-4.16333634234434e-17,-0.20329914968275764
37.575812101364136,4.163336342344337e-17,0.16574661863783077,-4.16333634234434e-17,-0.20318774452121602
37.61752796173096,4.163336342344337e-17,0.16574661863783077,-4.16333634234434e-17,-0.20318774452121602
37.657089948654175,4.163336342344337e-17,0.16574661863783077,-4.16333634234434e-17,-0.20318774452121602
37.69651460647583,4.163336342344337e-17,0.1656378586125522,-4.16333634234434e-17,-0.20301537497643585
37.73729658126831,4.163336342344337e-17,0.1656378586125522,-4.16333634234434e-17,-0.20301537497643585
37.777074337005615,4.163336342344337e-17,0.16591124842431612,-4.16333634234434e-17,-0.20307634140539932
37.81624889373779,4.163336342344337e-17,0.16591124842431612,-4.16333634234434e-17,-0.20307634140539932
37.8590669631958,4.163336342344337e-17,0.16580249155007795,-4.16333634234434e-17,-0.20290396914754005
37.900728940963745,4.163336342344337e-17,0.16580249155007795,-4.16333634234434e-17,-0.20290396914754005
37.947264432907104,4.163336342344337e-17,0.16582356606184928,-4.16333634234434e-17,-0.20264596759867182
37.99091458320618,4.163336342344337e-17,0.16565894805367712,-4.16333634234434e-17,-0.2027573728084331
38.037447690963745,4.163336342344337e-17,0.16565894805367712,-4.16333634234434e-17,-0.2027573728084331
38.08183431625366,4.163336342344337e-17,0.16571481637175245,-4.16333634234434e-17,-0.2024736021471356
38.1294846534729,4.163336342344337e-17,0.16571481637175245,-4.16333634234434e-17,-0.2024736021471356
38.1746928691864,4.163336342344337e-17,0.16577067947190519,-4.16333634234434e-17,-0.20218984253267003
38.22687554359436,4.163336342344337e-17,0.16577067947190519,-4.16333634234434e-17,-0.20218984253267003
38.28156280517578,4.163336342344337e-17,0.16577067947190519,-4.16333634234434e-17,-0.20218984253267003
38.335506200790405,4.163336342344337e-17,0.16577067947190519,-4.16333634234434e-17,-0.20218984253267003
38.38778591156006,4.163336342344337e-17,0.16577067947190519,-4.16333634234434e-17,-0.20218984253267003
38.4294548034668,4.163336342344337e-17,0.16577067947190519,-4.16333634234434e-17,-0.20218984253267003
38.47183084487915,4.163336342344337e-17,0.16577067947190519,-4.16333634234434e-17,-0.20218984253267003
38.514378786087036,4.163336342344337e-17,0.16577067947190519,-4.16333634234434e-17,-0.20218984253267003
38.556950092315674,4.163336342344337e-17,0.16577067947190519,-4.16333634234434e-17,-0.20218984253267003
